GKZ;Anzahl;Anzahl_Inzidenz;Timestamp;GKZ;Anzahl;Anzahl_Inzidenz;Timestamp;;;Differenz absolut;Differenz Inzidenz;;;Farbe;Rang;Zeile;;;Zeile effektiv;;;Maximum;=MAX(L2:L94);;Ränge;1;0;fceed3
101;16;109,312019348145;19.04.20 19:00;101;16;109,312019348145;03.05.20 17:00;;;=F2-B2;=G2-C2;;;"=WENNS(P2=AA$5;AC$5;P2=AA$4;AC$4;P2=AA$3;AC$3;P2 = AA$2;AC$2;P2=AA$1;AC$1)";"=WENNS(L2>AB$5;AA$5;L2>AB$4;AA$4;L2>AB$3;AA$3;L2>AB$2;AA$2;L2>AB$1;AA$1)";"="".bz""&TEXT(E2;""0"") & "" { fill:#"" &TEXT(O2;""0"") &"";fill-opacity:1 }""";;;"=WENNNV(Q2;"""")";;;;;;;2;5;f2a88d
103;23;53,5793342590332;19.04.20 19:00;103;23;53,5793342590332;03.05.20 17:00;;;=F3-B3;=G3-C3;;;"=WENNS(P3=AA$5;AC$5;P3=AA$4;AC$4;P3=AA$3;AC$3;P3 = AA$2;AC$2;P3=AA$1;AC$1)";"=WENNS(L3>AB$5;AA$5;L3>AB$4;AA$4;L3>AB$3;AA$3;L3>AB$2;AA$2;L3>AB$1;AA$1)";"="".bz""&TEXT(E3;""0"") & "" { fill:#"" &TEXT(O3;""0"") &"";fill-opacity:1 }""";;;"=WENNNV(Q3;"""")";;;;;;;3;10;e54514
104;23;89,1576538085937;19.04.20 19:00;104;24;93,0340728759766;03.05.20 17:00;;;=F4-B4;=G4-C4;;;"=WENNS(P4=AA$5;AC$5;P4=AA$4;AC$4;P4=AA$3;AC$3;P4 = AA$2;AC$2;P4=AA$1;AC$1)";"=WENNS(L4>AB$5;AA$5;L4>AB$4;AA$4;L4>AB$3;AA$3;L4>AB$2;AA$2;L4>AB$1;AA$1)";"="".bz""&TEXT(E4;""0"") & "" { fill:#"" &TEXT(O4;""0"") &"";fill-opacity:1 }""";;;"=WENNNV(Q4;"""")";;;;;;;4;25;b80062
105;9;52,7364349365234;19.04.20 19:00;105;9;52,7364349365234;03.05.20 17:00;;;=F5-B5;=G5-C5;;;"=WENNS(P5=AA$5;AC$5;P5=AA$4;AC$4;P5=AA$3;AC$3;P5 = AA$2;AC$2;P5=AA$1;AC$1)";"=WENNS(L5>AB$5;AA$5;L5>AB$4;AA$4;L5>AB$3;AA$3;L5>AB$2;AA$2;L5>AB$1;AA$1)";"="".bz""&TEXT(E5;""0"") & "" { fill:#"" &TEXT(O5;""0"") &"";fill-opacity:1 }""";;;"=WENNNV(Q5;"""")";;;;;;;5;50;800080
106;40;100,187850952148;19.04.20 19:00;106;46;115,216026306152;03.05.20 17:00;;;=F6-B6;=G6-C6;;;"=WENNS(P6=AA$5;AC$5;P6=AA$4;AC$4;P6=AA$3;AC$3;P6 = AA$2;AC$2;P6=AA$1;AC$1)";"=WENNS(L6>AB$5;AA$5;L6>AB$4;AA$4;L6>AB$3;AA$3;L6>AB$2;AA$2;L6>AB$1;AA$1)";"="".bz""&TEXT(E6;""0"") & "" { fill:#"" &TEXT(O6;""0"") &"";fill-opacity:1 }""";;;"=WENNNV(Q6;"""")";;;;;;;;;
107;52;87,3186492919922;19.04.20 19:00;107;56;94,0354614257813;03.05.20 17:00;;;=F7-B7;=G7-C7;;;"=WENNS(P7=AA$5;AC$5;P7=AA$4;AC$4;P7=AA$3;AC$3;P7 = AA$2;AC$2;P7=AA$1;AC$1)";"=WENNS(L7>AB$5;AA$5;L7>AB$4;AA$4;L7>AB$3;AA$3;L7>AB$2;AA$2;L7>AB$1;AA$1)";"="".bz""&TEXT(E7;""0"") & "" { fill:#"" &TEXT(O7;""0"") &"";fill-opacity:1 }""";;;"=WENNNV(Q7;"""")";;;;;;;;;
108;24;63,9778213500977;19.04.20 19:00;108;23;61,3120803833008;03.05.20 17:00;;;=F8-B8;=G8-C8;;;"=WENNS(P8=AA$5;AC$5;P8=AA$4;AC$4;P8=AA$3;AC$3;P8 = AA$2;AC$2;P8=AA$1;AC$1)";"=WENNS(L8>AB$5;AA$5;L8>AB$4;AA$4;L8>AB$3;AA$3;L8>AB$2;AA$2;L8>AB$1;AA$1)";"="".bz""&TEXT(E8;""0"") & "" { fill:#"" &TEXT(O8;""0"") &"";fill-opacity:1 }""";;;"=WENNNV(Q8;"""")";;;;;;;;;
109;115;212,663665771484;19.04.20 19:00;109;130;240,402389526367;03.05.20 17:00;;;=F9-B9;=G9-C9;;;"=WENNS(P9=AA$5;AC$5;P9=AA$4;AC$4;P9=AA$3;AC$3;P9 = AA$2;AC$2;P9=AA$1;AC$1)";"=WENNS(L9>AB$5;AA$5;L9>AB$4;AA$4;L9>AB$3;AA$3;L9>AB$2;AA$2;L9>AB$1;AA$1)";"="".bz""&TEXT(E9;""0"") & "" { fill:#"" &TEXT(O9;""0"") &"";fill-opacity:1 }""";;;"=WENNNV(Q9;"""")";;;;;;;;;
201;85;84,3111801147461;19.04.20 19:00;201;89;88,2787628173828;03.05.20 17:00;;;=F10-B10;=G10-C10;;;"=WENNS(P10=AA$5;AC$5;P10=AA$4;AC$4;P10=AA$3;AC$3;P10 = AA$2;AC$2;P10=AA$1;AC$1)";"=WENNS(L10>AB$5;AA$5;L10>AB$4;AA$4;L10>AB$3;AA$3;L10>AB$2;AA$2;L10>AB$1;AA$1)";"="".bz""&TEXT(E10;""0"") & "" { fill:#"" &TEXT(O10;""0"") &"";fill-opacity:1 }""";;;"=WENNNV(Q10;"""")";;;;;;;;;
202;20;32,1321258544922;19.04.20 19:00;202;21;33,7387351989746;03.05.20 17:00;;;=F11-B11;=G11-C11;;;"=WENNS(P11=AA$5;AC$5;P11=AA$4;AC$4;P11=AA$3;AC$3;P11 = AA$2;AC$2;P11=AA$1;AC$1)";"=WENNS(L11>AB$5;AA$5;L11>AB$4;AA$4;L11>AB$3;AA$3;L11>AB$2;AA$2;L11>AB$1;AA$1)";"="".bz""&TEXT(E11;""0"") & "" { fill:#"" &TEXT(O11;""0"") &"";fill-opacity:1 }""";;;"=WENNNV(Q11;"""")";;;;;;;;;
203;5;27,4363479614258;19.04.20 19:00;203;5;27,4363479614258;03.05.20 17:00;;;=F12-B12;=G12-C12;;;"=WENNS(P12=AA$5;AC$5;P12=AA$4;AC$4;P12=AA$3;AC$3;P12 = AA$2;AC$2;P12=AA$1;AC$1)";"=WENNS(L12>AB$5;AA$5;L12>AB$4;AA$4;L12>AB$3;AA$3;L12>AB$2;AA$2;L12>AB$1;AA$1)";"="".bz""&TEXT(E12;""0"") & "" { fill:#"" &TEXT(O12;""0"") &"";fill-opacity:1 }""";;;"=WENNNV(Q12;"""")";;;;;;;;;
204;39;65,2173919677734;19.04.20 19:00;204;43;71,9063568115234;03.05.20 17:00;;;=F13-B13;=G13-C13;;;"=WENNS(P13=AA$5;AC$5;P13=AA$4;AC$4;P13=AA$3;AC$3;P13 = AA$2;AC$2;P13=AA$1;AC$1)";"=WENNS(L13>AB$5;AA$5;L13>AB$4;AA$4;L13>AB$3;AA$3;L13>AB$2;AA$2;L13>AB$1;AA$1)";"="".bz""&TEXT(E13;""0"") & "" { fill:#"" &TEXT(O13;""0"") &"";fill-opacity:1 }""";;;"=WENNNV(Q13;"""")";;;;;;;;;
205;50;91,6506271362305;19.04.20 19:00;205;50;91,6506271362305;03.05.20 17:00;;;=F14-B14;=G14-C14;;;"=WENNS(P14=AA$5;AC$5;P14=AA$4;AC$4;P14=AA$3;AC$3;P14 = AA$2;AC$2;P14=AA$1;AC$1)";"=WENNS(L14>AB$5;AA$5;L14>AB$4;AA$4;L14>AB$3;AA$3;L14>AB$2;AA$2;L14>AB$1;AA$1)";"="".bz""&TEXT(E14;""0"") & "" { fill:#"" &TEXT(O14;""0"") &"";fill-opacity:1 }""";;;"=WENNNV(Q14;"""")";;;;;;;;;
206;39;51,2544174194336;19.04.20 19:00;206;41;53,8828506469727;03.05.20 17:00;;;=F15-B15;=G15-C15;;;"=WENNS(P15=AA$5;AC$5;P15=AA$4;AC$4;P15=AA$3;AC$3;P15 = AA$2;AC$2;P15=AA$1;AC$1)";"=WENNS(L15>AB$5;AA$5;L15>AB$4;AA$4;L15>AB$3;AA$3;L15>AB$2;AA$2;L15>AB$1;AA$1)";"="".bz""&TEXT(E15;""0"") & "" { fill:#"" &TEXT(O15;""0"") &"";fill-opacity:1 }""";;;"=WENNNV(Q15;"""")";;;;;;;;;
207;48;74,2252731323242;19.04.20 19:00;207;48;74,2252731323242;03.05.20 17:00;;;=F16-B16;=G16-C16;;;"=WENNS(P16=AA$5;AC$5;P16=AA$4;AC$4;P16=AA$3;AC$3;P16 = AA$2;AC$2;P16=AA$1;AC$1)";"=WENNS(L16>AB$5;AA$5;L16>AB$4;AA$4;L16>AB$3;AA$3;L16>AB$2;AA$2;L16>AB$1;AA$1)";"="".bz""&TEXT(E16;""0"") & "" { fill:#"" &TEXT(O16;""0"") &"";fill-opacity:1 }""";;;"=WENNNV(Q16;"""")";;;;;;;;;
208;52;124,170211791992;19.04.20 19:00;208;54;128,945983886719;03.05.20 17:00;;;=F17-B17;=G17-C17;;;"=WENNS(P17=AA$5;AC$5;P17=AA$4;AC$4;P17=AA$3;AC$3;P17 = AA$2;AC$2;P17=AA$1;AC$1)";"=WENNS(L17>AB$5;AA$5;L17>AB$4;AA$4;L17>AB$3;AA$3;L17>AB$2;AA$2;L17>AB$1;AA$1)";"="".bz""&TEXT(E17;""0"") & "" { fill:#"" &TEXT(O17;""0"") &"";fill-opacity:1 }""";;;"=WENNNV(Q17;"""")";;;;;;;;;
209;42;79,657096862793;19.04.20 19:00;209;44;83,4502868652344;03.05.20 17:00;;;=F18-B18;=G18-C18;;;"=WENNS(P18=AA$5;AC$5;P18=AA$4;AC$4;P18=AA$3;AC$3;P18 = AA$2;AC$2;P18=AA$1;AC$1)";"=WENNS(L18>AB$5;AA$5;L18>AB$4;AA$4;L18>AB$3;AA$3;L18>AB$2;AA$2;L18>AB$1;AA$1)";"="".bz""&TEXT(E18;""0"") & "" { fill:#"" &TEXT(O18;""0"") &"";fill-opacity:1 }""";;;"=WENNNV(Q18;"""")";;;;;;;;;
210;14;46,7648735046387;19.04.20 19:00;210;15;50,1052207946777;03.05.20 17:00;;;=F19-B19;=G19-C19;;;"=WENNS(P19=AA$5;AC$5;P19=AA$4;AC$4;P19=AA$3;AC$3;P19 = AA$2;AC$2;P19=AA$1;AC$1)";"=WENNS(L19>AB$5;AA$5;L19>AB$4;AA$4;L19>AB$3;AA$3;L19>AB$2;AA$2;L19>AB$1;AA$1)";"="".bz""&TEXT(E19;""0"") & "" { fill:#"" &TEXT(O19;""0"") &"";fill-opacity:1 }""";;;"=WENNNV(Q19;"""")";;;;;;;;;
301;36;144,717803955078;19.04.20 19:00;301;40;160,797561645508;03.05.20 17:00;;;=F20-B20;=G20-C20;;;"=WENNS(P20=AA$5;AC$5;P20=AA$4;AC$4;P20=AA$3;AC$3;P20 = AA$2;AC$2;P20=AA$1;AC$1)";"=WENNS(L20>AB$5;AA$5;L20>AB$4;AA$4;L20>AB$3;AA$3;L20>AB$2;AA$2;L20>AB$1;AA$1)";"="".bz""&TEXT(E20;""0"") & "" { fill:#"" &TEXT(O20;""0"") &"";fill-opacity:1 }""";;;"=WENNNV(Q20;"""")";;;;;;;;;
302;83;150,788467407227;19.04.20 19:00;302;86;156,238647460938;03.05.20 17:00;;;=F21-B21;=G21-C21;;;"=WENNS(P21=AA$5;AC$5;P21=AA$4;AC$4;P21=AA$3;AC$3;P21 = AA$2;AC$2;P21=AA$1;AC$1)";"=WENNS(L21>AB$5;AA$5;L21>AB$4;AA$4;L21>AB$3;AA$3;L21>AB$2;AA$2;L21>AB$1;AA$1)";"="".bz""&TEXT(E21;""0"") & "" { fill:#"" &TEXT(O21;""0"") &"";fill-opacity:1 }""";;;"=WENNNV(Q21;"""")";;;;;;;;;
303;23;204,244735717773;19.04.20 19:00;303;23;204,244735717773;03.05.20 17:00;;;=F22-B22;=G22-C22;;;"=WENNS(P22=AA$5;AC$5;P22=AA$4;AC$4;P22=AA$3;AC$3;P22 = AA$2;AC$2;P22=AA$1;AC$1)";"=WENNS(L22>AB$5;AA$5;L22>AB$4;AA$4;L22>AB$3;AA$3;L22>AB$2;AA$2;L22>AB$1;AA$1)";"="".bz""&TEXT(E22;""0"") & "" { fill:#"" &TEXT(O22;""0"") &"";fill-opacity:1 }""";;;"=WENNNV(Q22;"""")";;;;;;;;;
304;40;88,3450775146484;19.04.20 19:00;304;46;101,596839904785;03.05.20 17:00;;;=F23-B23;=G23-C23;;;"=WENNS(P23=AA$5;AC$5;P23=AA$4;AC$4;P23=AA$3;AC$3;P23 = AA$2;AC$2;P23=AA$1;AC$1)";"=WENNS(L23>AB$5;AA$5;L23>AB$4;AA$4;L23>AB$3;AA$3;L23>AB$2;AA$2;L23>AB$1;AA$1)";"="".bz""&TEXT(E23;""0"") & "" { fill:#"" &TEXT(O23;""0"") &"";fill-opacity:1 }""";;;"=WENNNV(Q23;"""")";;;;;;;;;
305;282;242,864776611328;19.04.20 19:00;305;295;254,060668945313;03.05.20 17:00;;;=F24-B24;=G24-C24;;;"=WENNS(P24=AA$5;AC$5;P24=AA$4;AC$4;P24=AA$3;AC$3;P24 = AA$2;AC$2;P24=AA$1;AC$1)";"=WENNS(L24>AB$5;AA$5;L24>AB$4;AA$4;L24>AB$3;AA$3;L24>AB$2;AA$2;L24>AB$1;AA$1)";"="".bz""&TEXT(E24;""0"") & "" { fill:#"" &TEXT(O24;""0"") &"";fill-opacity:1 }""";;;"=WENNNV(Q24;"""")";;;;;;;;;
306;130;88,9174652099609;19.04.20 19:00;306;138;94,3893051147461;03.05.20 17:00;;;=F25-B25;=G25-C25;;;"=WENNS(P25=AA$5;AC$5;P25=AA$4;AC$4;P25=AA$3;AC$3;P25 = AA$2;AC$2;P25=AA$1;AC$1)";"=WENNS(L25>AB$5;AA$5;L25>AB$4;AA$4;L25>AB$3;AA$3;L25>AB$2;AA$2;L25>AB$1;AA$1)";"="".bz""&TEXT(E25;""0"") & "" { fill:#"" &TEXT(O25;""0"") &"";fill-opacity:1 }""";;;"=WENNNV(Q25;"""")";;;;;;;;;
307;74;72,5419082641602;19.04.20 19:00;307;78;76,4630889892578;03.05.20 17:00;;;=F26-B26;=G26-C26;;;"=WENNS(P26=AA$5;AC$5;P26=AA$4;AC$4;P26=AA$3;AC$3;P26 = AA$2;AC$2;P26=AA$1;AC$1)";"=WENNS(L26>AB$5;AA$5;L26>AB$4;AA$4;L26>AB$3;AA$3;L26>AB$2;AA$2;L26>AB$1;AA$1)";"="".bz""&TEXT(E26;""0"") & "" { fill:#"" &TEXT(O26;""0"") &"";fill-opacity:1 }""";;;"=WENNNV(Q26;"""")";;;;;;;;;
308;78;75,2271270751953;19.04.20 19:00;308;88;84,8716354370117;03.05.20 17:00;;;=F27-B27;=G27-C27;;;"=WENNS(P27=AA$5;AC$5;P27=AA$4;AC$4;P27=AA$3;AC$3;P27 = AA$2;AC$2;P27=AA$1;AC$1)";"=WENNS(L27>AB$5;AA$5;L27>AB$4;AA$4;L27>AB$3;AA$3;L27>AB$2;AA$2;L27>AB$1;AA$1)";"="".bz""&TEXT(E27;""0"") & "" { fill:#"" &TEXT(O27;""0"") &"";fill-opacity:1 }""";;;"=WENNNV(Q27;"""")";;;;;;;;;
309;13;35,3520240783691;19.04.20 19:00;309;14;38,0714111328125;03.05.20 17:00;;;=F28-B28;=G28-C28;;;"=WENNS(P28=AA$5;AC$5;P28=AA$4;AC$4;P28=AA$3;AC$3;P28 = AA$2;AC$2;P28=AA$1;AC$1)";"=WENNS(L28>AB$5;AA$5;L28>AB$4;AA$4;L28>AB$3;AA$3;L28>AB$2;AA$2;L28>AB$1;AA$1)";"="".bz""&TEXT(E28;""0"") & "" { fill:#"" &TEXT(O28;""0"") &"";fill-opacity:1 }""";;;"=WENNNV(Q28;"""")";;;;;;;;;
310;30;58,9877700805664;19.04.20 19:00;310;34;66,8528060913086;03.05.20 17:00;;;=F29-B29;=G29-C29;;;"=WENNS(P29=AA$5;AC$5;P29=AA$4;AC$4;P29=AA$3;AC$3;P29 = AA$2;AC$2;P29=AA$1;AC$1)";"=WENNS(L29>AB$5;AA$5;L29>AB$4;AA$4;L29>AB$3;AA$3;L29>AB$2;AA$2;L29>AB$1;AA$1)";"="".bz""&TEXT(E29;""0"") & "" { fill:#"" &TEXT(O29;""0"") &"";fill-opacity:1 }""";;;"=WENNNV(Q29;"""")";;;;;;;;;
311;41;131,875198364258;19.04.20 19:00;311;44;141,524612426758;03.05.20 17:00;;;=F30-B30;=G30-C30;;;"=WENNS(P30=AA$5;AC$5;P30=AA$4;AC$4;P30=AA$3;AC$3;P30 = AA$2;AC$2;P30=AA$1;AC$1)";"=WENNS(L30>AB$5;AA$5;L30>AB$4;AA$4;L30>AB$3;AA$3;L30>AB$2;AA$2;L30>AB$1;AA$1)";"="".bz""&TEXT(E30;""0"") & "" { fill:#"" &TEXT(O30;""0"") &"";fill-opacity:1 }""";;;"=WENNNV(Q30;"""")";;;;;;;;;
312;151;166,13671875;19.04.20 19:00;312;155;170,537689208984;03.05.20 17:00;;;=F31-B31;=G31-C31;;;"=WENNS(P31=AA$5;AC$5;P31=AA$4;AC$4;P31=AA$3;AC$3;P31 = AA$2;AC$2;P31=AA$1;AC$1)";"=WENNS(L31>AB$5;AA$5;L31>AB$4;AA$4;L31>AB$3;AA$3;L31>AB$2;AA$2;L31>AB$1;AA$1)";"="".bz""&TEXT(E31;""0"") & "" { fill:#"" &TEXT(O31;""0"") &"";fill-opacity:1 }""";;;"=WENNNV(Q31;"""")";;;;;;;;;
313;135;238,532760620117;19.04.20 19:00;313;150;265,036407470703;03.05.20 17:00;;;=F32-B32;=G32-C32;;;"=WENNS(P32=AA$5;AC$5;P32=AA$4;AC$4;P32=AA$3;AC$3;P32 = AA$2;AC$2;P32=AA$1;AC$1)";"=WENNS(L32>AB$5;AA$5;L32>AB$4;AA$4;L32>AB$3;AA$3;L32>AB$2;AA$2;L32>AB$1;AA$1)";"="".bz""&TEXT(E32;""0"") & "" { fill:#"" &TEXT(O32;""0"") &"";fill-opacity:1 }""";;;"=WENNNV(Q32;"""")";;;;;;;;;
314;40;154,966674804688;19.04.20 19:00;314;41;158,840850830078;03.05.20 17:00;;;=F33-B33;=G33-C33;;;"=WENNS(P33=AA$5;AC$5;P33=AA$4;AC$4;P33=AA$3;AC$3;P33 = AA$2;AC$2;P33=AA$1;AC$1)";"=WENNS(L33>AB$5;AA$5;L33>AB$4;AA$4;L33>AB$3;AA$3;L33>AB$2;AA$2;L33>AB$1;AA$1)";"="".bz""&TEXT(E33;""0"") & "" { fill:#"" &TEXT(O33;""0"") &"";fill-opacity:1 }""";;;"=WENNNV(Q33;"""")";;;;;;;;;
315;166;212,924240112305;19.04.20 19:00;315;168;215,489593505859;03.05.20 17:00;;;=F34-B34;=G34-C34;;;"=WENNS(P34=AA$5;AC$5;P34=AA$4;AC$4;P34=AA$3;AC$3;P34 = AA$2;AC$2;P34=AA$1;AC$1)";"=WENNS(L34>AB$5;AA$5;L34>AB$4;AA$4;L34>AB$3;AA$3;L34>AB$2;AA$2;L34>AB$1;AA$1)";"="".bz""&TEXT(E34;""0"") & "" { fill:#"" &TEXT(O34;""0"") &"";fill-opacity:1 }""";;;"=WENNNV(Q34;"""")";;;;;;;;;
316;120;158,976196289063;19.04.20 19:00;316;131;173,549011230469;03.05.20 17:00;;;=F35-B35;=G35-C35;;;"=WENNS(P35=AA$5;AC$5;P35=AA$4;AC$4;P35=AA$3;AC$3;P35 = AA$2;AC$2;P35=AA$1;AC$1)";"=WENNS(L35>AB$5;AA$5;L35>AB$4;AA$4;L35>AB$3;AA$3;L35>AB$2;AA$2;L35>AB$1;AA$1)";"="".bz""&TEXT(E35;""0"") & "" { fill:#"" &TEXT(O35;""0"") &"";fill-opacity:1 }""";;;"=WENNNV(Q35;"""")";;;;;;;;;
317;157;131,934997558594;19.04.20 19:00;317;171;143,699890136719;03.05.20 17:00;;;=F36-B36;=G36-C36;;;"=WENNS(P36=AA$5;AC$5;P36=AA$4;AC$4;P36=AA$3;AC$3;P36 = AA$2;AC$2;P36=AA$1;AC$1)";"=WENNS(L36>AB$5;AA$5;L36>AB$4;AA$4;L36>AB$3;AA$3;L36>AB$2;AA$2;L36>AB$1;AA$1)";"="".bz""&TEXT(E36;""0"") & "" { fill:#"" &TEXT(O36;""0"") &"";fill-opacity:1 }""";;;"=WENNNV(Q36;"""")";;;;;;;;;
318;174;201,643280029297;19.04.20 19:00;318;177;205,119888305664;03.05.20 17:00;;;=F37-B37;=G37-C37;;;"=WENNS(P37=AA$5;AC$5;P37=AA$4;AC$4;P37=AA$3;AC$3;P37 = AA$2;AC$2;P37=AA$1;AC$1)";"=WENNS(L37>AB$5;AA$5;L37>AB$4;AA$4;L37>AB$3;AA$3;L37>AB$2;AA$2;L37>AB$1;AA$1)";"="".bz""&TEXT(E37;""0"") & "" { fill:#"" &TEXT(O37;""0"") &"";fill-opacity:1 }""";;;"=WENNNV(Q37;"""")";;;;;;;;;
319;255;194,591125488281;19.04.20 19:00;319;266;202,985260009766;03.05.20 17:00;;;=F38-B38;=G38-C38;;;"=WENNS(P38=AA$5;AC$5;P38=AA$4;AC$4;P38=AA$3;AC$3;P38 = AA$2;AC$2;P38=AA$1;AC$1)";"=WENNS(L38>AB$5;AA$5;L38>AB$4;AA$4;L38>AB$3;AA$3;L38>AB$2;AA$2;L38>AB$1;AA$1)";"="".bz""&TEXT(E38;""0"") & "" { fill:#"" &TEXT(O38;""0"") &"";fill-opacity:1 }""";;;"=WENNNV(Q38;"""")";;;;;;;;;
320;100;241,528396606445;19.04.20 19:00;320;103;248,77424621582;03.05.20 17:00;;;=F39-B39;=G39-C39;;;"=WENNS(P39=AA$5;AC$5;P39=AA$4;AC$4;P39=AA$3;AC$3;P39 = AA$2;AC$2;P39=AA$1;AC$1)";"=WENNS(L39>AB$5;AA$5;L39>AB$4;AA$4;L39>AB$3;AA$3;L39>AB$2;AA$2;L39>AB$1;AA$1)";"="".bz""&TEXT(E39;""0"") & "" { fill:#"" &TEXT(O39;""0"") &"";fill-opacity:1 }""";;;"=WENNNV(Q39;"""")";;;;;;;;;
321;150;144,549057006836;19.04.20 19:00;321;169;162,858596801758;03.05.20 17:00;;;=F40-B40;=G40-C40;;;"=WENNS(P40=AA$5;AC$5;P40=AA$4;AC$4;P40=AA$3;AC$3;P40 = AA$2;AC$2;P40=AA$1;AC$1)";"=WENNS(L40>AB$5;AA$5;L40>AB$4;AA$4;L40>AB$3;AA$3;L40>AB$2;AA$2;L40>AB$1;AA$1)";"="".bz""&TEXT(E40;""0"") & "" { fill:#"" &TEXT(O40;""0"") &"";fill-opacity:1 }""";;;"=WENNNV(Q40;"""")";;;;;;;;;
322;67;258,807159423828;19.04.20 19:00;322;71;274,258331298828;03.05.20 17:00;;;=F41-B41;=G41-C41;;;"=WENNS(P41=AA$5;AC$5;P41=AA$4;AC$4;P41=AA$3;AC$3;P41 = AA$2;AC$2;P41=AA$1;AC$1)";"=WENNS(L41>AB$5;AA$5;L41>AB$4;AA$4;L41>AB$3;AA$3;L41>AB$2;AA$2;L41>AB$1;AA$1)";"="".bz""&TEXT(E41;""0"") & "" { fill:#"" &TEXT(O41;""0"") &"";fill-opacity:1 }""";;;"=WENNNV(Q41;"""")";;;;;;;;;
323;66;84,6251525878906;19.04.20 19:00;323;73;93,6005401611328;03.05.20 17:00;;;=F42-B42;=G42-C42;;;"=WENNS(P42=AA$5;AC$5;P42=AA$4;AC$4;P42=AA$3;AC$3;P42 = AA$2;AC$2;P42=AA$1;AC$1)";"=WENNS(L42>AB$5;AA$5;L42>AB$4;AA$4;L42>AB$3;AA$3;L42>AB$2;AA$2;L42>AB$1;AA$1)";"="".bz""&TEXT(E42;""0"") & "" { fill:#"" &TEXT(O42;""0"") &"";fill-opacity:1 }""";;;"=WENNNV(Q42;"""")";;;;;;;;;
325;66;156,316604614258;19.04.20 19:00;325;72;170,527206420898;03.05.20 17:00;;;=F43-B43;=G43-C43;;;"=WENNS(P43=AA$5;AC$5;P43=AA$4;AC$4;P43=AA$3;AC$3;P43 = AA$2;AC$2;P43=AA$1;AC$1)";"=WENNS(L43>AB$5;AA$5;L43>AB$4;AA$4;L43>AB$3;AA$3;L43>AB$2;AA$2;L43>AB$1;AA$1)";"="".bz""&TEXT(E43;""0"") & "" { fill:#"" &TEXT(O43;""0"") &"";fill-opacity:1 }""";;;"=WENNNV(Q43;"""")";;;;;;;;;
401;298;144,85285949707;19.04.20 19:00;401;304;147,76936340332;03.05.20 17:00;;;=F44-B44;=G44-C44;;;"=WENNS(P44=AA$5;AC$5;P44=AA$4;AC$4;P44=AA$3;AC$3;P44 = AA$2;AC$2;P44=AA$1;AC$1)";"=WENNS(L44>AB$5;AA$5;L44>AB$4;AA$4;L44>AB$3;AA$3;L44>AB$2;AA$2;L44>AB$1;AA$1)";"="".bz""&TEXT(E44;""0"") & "" { fill:#"" &TEXT(O44;""0"") &"";fill-opacity:1 }""";;;"=WENNNV(Q44;"""")";;;;;;;;;
402;59;154,478576660156;19.04.20 19:00;402;61;159,715133666992;03.05.20 17:00;;;=F45-B45;=G45-C45;;;"=WENNS(P45=AA$5;AC$5;P45=AA$4;AC$4;P45=AA$3;AC$3;P45 = AA$2;AC$2;P45=AA$1;AC$1)";"=WENNS(L45>AB$5;AA$5;L45>AB$4;AA$4;L45>AB$3;AA$3;L45>AB$2;AA$2;L45>AB$1;AA$1)";"="".bz""&TEXT(E45;""0"") & "" { fill:#"" &TEXT(O45;""0"") &"";fill-opacity:1 }""";;;"=WENNNV(Q45;"""")";;;;;;;;;
403;57;92,3420867919922;19.04.20 19:00;403;58;93,9621200561524;03.05.20 17:00;;;=F46-B46;=G46-C46;;;"=WENNS(P46=AA$5;AC$5;P46=AA$4;AC$4;P46=AA$3;AC$3;P46 = AA$2;AC$2;P46=AA$1;AC$1)";"=WENNS(L46>AB$5;AA$5;L46>AB$4;AA$4;L46>AB$3;AA$3;L46>AB$2;AA$2;L46>AB$1;AA$1)";"="".bz""&TEXT(E46;""0"") & "" { fill:#"" &TEXT(O46;""0"") &"";fill-opacity:1 }""";;;"=WENNNV(Q46;"""")";;;;;;;;;
404;121;115,891502380371;19.04.20 19:00;404;128;122,595970153809;03.05.20 17:00;;;=F47-B47;=G47-C47;;;"=WENNS(P47=AA$5;AC$5;P47=AA$4;AC$4;P47=AA$3;AC$3;P47 = AA$2;AC$2;P47=AA$1;AC$1)";"=WENNS(L47>AB$5;AA$5;L47>AB$4;AA$4;L47>AB$3;AA$3;L47>AB$2;AA$2;L47>AB$1;AA$1)";"="".bz""&TEXT(E47;""0"") & "" { fill:#"" &TEXT(O47;""0"") &"";fill-opacity:1 }""";;;"=WENNNV(Q47;"""")";;;;;;;;;
405;52;156,834365844727;19.04.20 19:00;405;53;159,850402832031;03.05.20 17:00;;;=F48-B48;=G48-C48;;;"=WENNS(P48=AA$5;AC$5;P48=AA$4;AC$4;P48=AA$3;AC$3;P48 = AA$2;AC$2;P48=AA$1;AC$1)";"=WENNS(L48>AB$5;AA$5;L48>AB$4;AA$4;L48>AB$3;AA$3;L48>AB$2;AA$2;L48>AB$1;AA$1)";"="".bz""&TEXT(E48;""0"") & "" { fill:#"" &TEXT(O48;""0"") &"";fill-opacity:1 }""";;;"=WENNNV(Q48;"""")";;;;;;;;;
406;112;168,115158081055;19.04.20 19:00;406;118;177,121322631836;03.05.20 17:00;;;=F49-B49;=G49-C49;;;"=WENNS(P49=AA$5;AC$5;P49=AA$4;AC$4;P49=AA$3;AC$3;P49 = AA$2;AC$2;P49=AA$1;AC$1)";"=WENNS(L49>AB$5;AA$5;L49>AB$4;AA$4;L49>AB$3;AA$3;L49>AB$2;AA$2;L49>AB$1;AA$1)";"="".bz""&TEXT(E49;""0"") & "" { fill:#"" &TEXT(O49;""0"") &"";fill-opacity:1 }""";;;"=WENNNV(Q49;"""")";;;;;;;;;
407;65;63,9568634033203;19.04.20 19:00;407;72;70,8445281982422;03.05.20 17:00;;;=F50-B50;=G50-C50;;;"=WENNS(P50=AA$5;AC$5;P50=AA$4;AC$4;P50=AA$3;AC$3;P50 = AA$2;AC$2;P50=AA$1;AC$1)";"=WENNS(L50>AB$5;AA$5;L50>AB$4;AA$4;L50>AB$3;AA$3;L50>AB$2;AA$2;L50>AB$1;AA$1)";"="".bz""&TEXT(E50;""0"") & "" { fill:#"" &TEXT(O50;""0"") &"";fill-opacity:1 }""";;;"=WENNNV(Q50;"""")";;;;;;;;;
408;75;115,882019042969;19.04.20 19:00;408;74;114,336921691895;03.05.20 17:00;;;=F51-B51;=G51-C51;;;"=WENNS(P51=AA$5;AC$5;P51=AA$4;AC$4;P51=AA$3;AC$3;P51 = AA$2;AC$2;P51=AA$1;AC$1)";"=WENNS(L51>AB$5;AA$5;L51>AB$4;AA$4;L51>AB$3;AA$3;L51>AB$2;AA$2;L51>AB$1;AA$1)";"="".bz""&TEXT(E51;""0"") & "" { fill:#"" &TEXT(O51;""0"") &"";fill-opacity:1 }""";;;"=WENNNV(Q51;"""")";;;;;;;;;
409;40;70,3407974243164;19.04.20 19:00;409;42;73,8578414916992;03.05.20 17:00;;;=F52-B52;=G52-C52;;;"=WENNS(P52=AA$5;AC$5;P52=AA$4;AC$4;P52=AA$3;AC$3;P52 = AA$2;AC$2;P52=AA$1;AC$1)";"=WENNS(L52>AB$5;AA$5;L52>AB$4;AA$4;L52>AB$3;AA$3;L52>AB$2;AA$2;L52>AB$1;AA$1)";"="".bz""&TEXT(E52;""0"") & "" { fill:#"" &TEXT(O52;""0"") &"";fill-opacity:1 }""";;;"=WENNNV(Q52;"""")";;;;;;;;;
410;198;131,760192871094;19.04.20 19:00;410;203;135,087478637695;03.05.20 17:00;;;=F53-B53;=G53-C53;;;"=WENNS(P53=AA$5;AC$5;P53=AA$4;AC$4;P53=AA$3;AC$3;P53 = AA$2;AC$2;P53=AA$1;AC$1)";"=WENNS(L53>AB$5;AA$5;L53>AB$4;AA$4;L53>AB$3;AA$3;L53>AB$2;AA$2;L53>AB$1;AA$1)";"="".bz""&TEXT(E53;""0"") & "" { fill:#"" &TEXT(O53;""0"") &"";fill-opacity:1 }""";;;"=WENNNV(Q53;"""")";;;;;;;;;
411;250;365,182067871094;19.04.20 19:00;411;251;366,642822265625;03.05.20 17:00;;;=F54-B54;=G54-C54;;;"=WENNS(P54=AA$5;AC$5;P54=AA$4;AC$4;P54=AA$3;AC$3;P54 = AA$2;AC$2;P54=AA$1;AC$1)";"=WENNS(L54>AB$5;AA$5;L54>AB$4;AA$4;L54>AB$3;AA$3;L54>AB$2;AA$2;L54>AB$1;AA$1)";"="".bz""&TEXT(E54;""0"") & "" { fill:#"" &TEXT(O54;""0"") &"";fill-opacity:1 }""";;;"=WENNNV(Q54;"""")";;;;;;;;;
412;43;70,2568435668945;19.04.20 19:00;412;43;70,2568435668945;03.05.20 17:00;;;=F55-B55;=G55-C55;;;"=WENNS(P55=AA$5;AC$5;P55=AA$4;AC$4;P55=AA$3;AC$3;P55 = AA$2;AC$2;P55=AA$1;AC$1)";"=WENNS(L55>AB$5;AA$5;L55>AB$4;AA$4;L55>AB$3;AA$3;L55>AB$2;AA$2;L55>AB$1;AA$1)";"="".bz""&TEXT(E55;""0"") & "" { fill:#"" &TEXT(O55;""0"") &"";fill-opacity:1 }""";;;"=WENNNV(Q55;"""")";;;;;;;;;
413;144;254,759033203125;19.04.20 19:00;413;150;265,373992919922;03.05.20 17:00;;;=F56-B56;=G56-C56;;;"=WENNS(P56=AA$5;AC$5;P56=AA$4;AC$4;P56=AA$3;AC$3;P56 = AA$2;AC$2;P56=AA$1;AC$1)";"=WENNS(L56>AB$5;AA$5;L56>AB$4;AA$4;L56>AB$3;AA$3;L56>AB$2;AA$2;L56>AB$1;AA$1)";"="".bz""&TEXT(E56;""0"") & "" { fill:#"" &TEXT(O56;""0"") &"";fill-opacity:1 }""";;;"=WENNNV(Q56;"""")";;;;;;;;;
414;54;94,2293243408203;19.04.20 19:00;414;56;97,7192993164062;03.05.20 17:00;;;=F57-B57;=G57-C57;;;"=WENNS(P57=AA$5;AC$5;P57=AA$4;AC$4;P57=AA$3;AC$3;P57 = AA$2;AC$2;P57=AA$1;AC$1)";"=WENNS(L57>AB$5;AA$5;L57>AB$4;AA$4;L57>AB$3;AA$3;L57>AB$2;AA$2;L57>AB$1;AA$1)";"="".bz""&TEXT(E57;""0"") & "" { fill:#"" &TEXT(O57;""0"") &"";fill-opacity:1 }""";;;"=WENNNV(Q57;"""")";;;;;;;;;
415;175;289,605651855469;19.04.20 19:00;415;181;299,534973144531;03.05.20 17:00;;;=F58-B58;=G58-C58;;;"=WENNS(P58=AA$5;AC$5;P58=AA$4;AC$4;P58=AA$3;AC$3;P58 = AA$2;AC$2;P58=AA$1;AC$1)";"=WENNS(L58>AB$5;AA$5;L58>AB$4;AA$4;L58>AB$3;AA$3;L58>AB$2;AA$2;L58>AB$1;AA$1)";"="".bz""&TEXT(E58;""0"") & "" { fill:#"" &TEXT(O58;""0"") &"";fill-opacity:1 }""";;;"=WENNNV(Q58;"""")";;;;;;;;;
416;279;326,296722412109;19.04.20 19:00;416;280;327,466217041016;03.05.20 17:00;;;=F59-B59;=G59-C59;;;"=WENNS(P59=AA$5;AC$5;P59=AA$4;AC$4;P59=AA$3;AC$3;P59 = AA$2;AC$2;P59=AA$1;AC$1)";"=WENNS(L59>AB$5;AA$5;L59>AB$4;AA$4;L59>AB$3;AA$3;L59>AB$2;AA$2;L59>AB$1;AA$1)";"="".bz""&TEXT(E59;""0"") & "" { fill:#"" &TEXT(O59;""0"") &"";fill-opacity:1 }""";;;"=WENNNV(Q59;"""")";;;;;;;;;
417;105;77,0625228881836;19.04.20 19:00;417;105;77,0625228881836;03.05.20 17:00;;;=F60-B60;=G60-C60;;;"=WENNS(P60=AA$5;AC$5;P60=AA$4;AC$4;P60=AA$3;AC$3;P60 = AA$2;AC$2;P60=AA$1;AC$1)";"=WENNS(L60>AB$5;AA$5;L60>AB$4;AA$4;L60>AB$3;AA$3;L60>AB$2;AA$2;L60>AB$1;AA$1)";"="".bz""&TEXT(E60;""0"") & "" { fill:#"" &TEXT(O60;""0"") &"";fill-opacity:1 }""";;;"=WENNNV(Q60;"""")";;;;;;;;;
418;76;103,975700378418;19.04.20 19:00;418;78;106,711906433105;03.05.20 17:00;;;=F61-B61;=G61-C61;;;"=WENNS(P61=AA$5;AC$5;P61=AA$4;AC$4;P61=AA$3;AC$3;P61 = AA$2;AC$2;P61=AA$1;AC$1)";"=WENNS(L61>AB$5;AA$5;L61>AB$4;AA$4;L61>AB$3;AA$3;L61>AB$2;AA$2;L61>AB$1;AA$1)";"="".bz""&TEXT(E61;""0"") & "" { fill:#"" &TEXT(O61;""0"") &"";fill-opacity:1 }""";;;"=WENNNV(Q61;"""")";;;;;;;;;
501;146;94,6754760742187;19.04.20 19:00;501;142;92,0816268920899;03.05.20 17:00;;;=F62-B62;=G62-C62;;;"=WENNS(P62=AA$5;AC$5;P62=AA$4;AC$4;P62=AA$3;AC$3;P62 = AA$2;AC$2;P62=AA$1;AC$1)";"=WENNS(L62>AB$5;AA$5;L62>AB$4;AA$4;L62>AB$3;AA$3;L62>AB$2;AA$2;L62>AB$1;AA$1)";"="".bz""&TEXT(E62;""0"") & "" { fill:#"" &TEXT(O62;""0"") &"";fill-opacity:1 }""";;;"=WENNNV(Q62;"""")";;;;;;;;;
502;66;109,318580627441;19.04.20 19:00;502;68;112,63126373291;03.05.20 17:00;;;=F63-B63;=G63-C63;;;"=WENNS(P63=AA$5;AC$5;P63=AA$4;AC$4;P63=AA$3;AC$3;P63 = AA$2;AC$2;P63=AA$1;AC$1)";"=WENNS(L63>AB$5;AA$5;L63>AB$4;AA$4;L63>AB$3;AA$3;L63>AB$2;AA$2;L63>AB$1;AA$1)";"="".bz""&TEXT(E63;""0"") & "" { fill:#"" &TEXT(O63;""0"") &"";fill-opacity:1 }""";;;"=WENNNV(Q63;"""")";;;;;;;;;
503;190;124,769340515137;19.04.20 19:00;503;197;129,366104125977;03.05.20 17:00;;;=F64-B64;=G64-C64;;;"=WENNS(P64=AA$5;AC$5;P64=AA$4;AC$4;P64=AA$3;AC$3;P64 = AA$2;AC$2;P64=AA$1;AC$1)";"=WENNS(L64>AB$5;AA$5;L64>AB$4;AA$4;L64>AB$3;AA$3;L64>AB$2;AA$2;L64>AB$1;AA$1)";"="".bz""&TEXT(E64;""0"") & "" { fill:#"" &TEXT(O64;""0"") &"";fill-opacity:1 }""";;;"=WENNNV(Q64;"""")";;;;;;;;;
504;432;536,159729003906;19.04.20 19:00;504;434;538,641967773438;03.05.20 17:00;;;=F65-B65;=G65-C65;;;"=WENNS(P65=AA$5;AC$5;P65=AA$4;AC$4;P65=AA$3;AC$3;P65 = AA$2;AC$2;P65=AA$1;AC$1)";"=WENNS(L65>AB$5;AA$5;L65>AB$4;AA$4;L65>AB$3;AA$3;L65>AB$2;AA$2;L65>AB$1;AA$1)";"="".bz""&TEXT(E65;""0"") & "" { fill:#"" &TEXT(O65;""0"") &"";fill-opacity:1 }""";;;"=WENNNV(Q65;"""")";;;;;;;;;
505;22;108,267715454102;19.04.20 19:00;505;22;108,267715454102;03.05.20 17:00;;;=F66-B66;=G66-C66;;;"=WENNS(P66=AA$5;AC$5;P66=AA$4;AC$4;P66=AA$3;AC$3;P66 = AA$2;AC$2;P66=AA$1;AC$1)";"=WENNS(L66>AB$5;AA$5;L66>AB$4;AA$4;L66>AB$3;AA$3;L66>AB$2;AA$2;L66>AB$1;AA$1)";"="".bz""&TEXT(E66;""0"") & "" { fill:#"" &TEXT(O66;""0"") &"";fill-opacity:1 }""";;;"=WENNNV(Q66;"""")";;;;;;;;;
506;344;393,313659667969;19.04.20 19:00;506;356;407,033905029297;03.05.20 17:00;;;=F67-B67;=G67-C67;;;"=WENNS(P67=AA$5;AC$5;P67=AA$4;AC$4;P67=AA$3;AC$3;P67 = AA$2;AC$2;P67=AA$1;AC$1)";"=WENNS(L67>AB$5;AA$5;L67>AB$4;AA$4;L67>AB$3;AA$3;L67>AB$2;AA$2;L67>AB$1;AA$1)";"="".bz""&TEXT(E67;""0"") & "" { fill:#"" &TEXT(O67;""0"") &"";fill-opacity:1 }""";;;"=WENNNV(Q67;"""")";;;;;;;;;
601;441;152,697662353516;19.04.20 19:00;601;478;165,509033203125;03.05.20 17:00;;;=F68-B68;=G68-C68;;;"=WENNS(P68=AA$5;AC$5;P68=AA$4;AC$4;P68=AA$3;AC$3;P68 = AA$2;AC$2;P68=AA$1;AC$1)";"=WENNS(L68>AB$5;AA$5;L68>AB$4;AA$4;L68>AB$3;AA$3;L68>AB$2;AA$2;L68>AB$1;AA$1)";"="".bz""&TEXT(E68;""0"") & "" { fill:#"" &TEXT(O68;""0"") &"";fill-opacity:1 }""";;;"=WENNNV(Q68;"""")";;;;;;;;;
603;44;72,3434371948242;19.04.20 19:00;603;48;78,9201126098633;03.05.20 17:00;;;=F69-B69;=G69-C69;;;"=WENNS(P69=AA$5;AC$5;P69=AA$4;AC$4;P69=AA$3;AC$3;P69 = AA$2;AC$2;P69=AA$1;AC$1)";"=WENNS(L69>AB$5;AA$5;L69>AB$4;AA$4;L69>AB$3;AA$3;L69>AB$2;AA$2;L69>AB$1;AA$1)";"="".bz""&TEXT(E69;""0"") & "" { fill:#"" &TEXT(O69;""0"") &"";fill-opacity:1 }""";;;"=WENNNV(Q69;"""")";;;;;;;;;
606;199;129,002975463867;19.04.20 19:00;606;222;143,912872314453;03.05.20 17:00;;;=F70-B70;=G70-C70;;;"=WENNS(P70=AA$5;AC$5;P70=AA$4;AC$4;P70=AA$3;AC$3;P70 = AA$2;AC$2;P70=AA$1;AC$1)";"=WENNS(L70>AB$5;AA$5;L70>AB$4;AA$4;L70>AB$3;AA$3;L70>AB$2;AA$2;L70>AB$1;AA$1)";"="".bz""&TEXT(E70;""0"") & "" { fill:#"" &TEXT(O70;""0"") &"";fill-opacity:1 }""";;;"=WENNNV(Q70;"""")";;;;;;;;;
610;176;213,374710083008;19.04.20 19:00;610;183;221,861206054687;03.05.20 17:00;;;=F71-B71;=G71-C71;;;"=WENNS(P71=AA$5;AC$5;P71=AA$4;AC$4;P71=AA$3;AC$3;P71 = AA$2;AC$2;P71=AA$1;AC$1)";"=WENNS(L71>AB$5;AA$5;L71>AB$4;AA$4;L71>AB$3;AA$3;L71>AB$2;AA$2;L71>AB$1;AA$1)";"="".bz""&TEXT(E71;""0"") & "" { fill:#"" &TEXT(O71;""0"") &"";fill-opacity:1 }""";;;"=WENNNV(Q71;"""")";;;;;;;;;
611;22;36,6300354003906;19.04.20 19:00;611;23;38,2950401306152;03.05.20 17:00;;;=F72-B72;=G72-C72;;;"=WENNS(P72=AA$5;AC$5;P72=AA$4;AC$4;P72=AA$3;AC$3;P72 = AA$2;AC$2;P72=AA$1;AC$1)";"=WENNS(L72>AB$5;AA$5;L72>AB$4;AA$4;L72>AB$3;AA$3;L72>AB$2;AA$2;L72>AB$1;AA$1)";"="".bz""&TEXT(E72;""0"") & "" { fill:#"" &TEXT(O72;""0"") &"";fill-opacity:1 }""";;;"=WENNNV(Q72;"""")";;;;;;;;;
612;83;103,878547668457;19.04.20 19:00;612;86;107,633193969727;03.05.20 17:00;;;=F73-B73;=G73-C73;;;"=WENNS(P73=AA$5;AC$5;P73=AA$4;AC$4;P73=AA$3;AC$3;P73 = AA$2;AC$2;P73=AA$1;AC$1)";"=WENNS(L73>AB$5;AA$5;L73>AB$4;AA$4;L73>AB$3;AA$3;L73>AB$2;AA$2;L73>AB$1;AA$1)";"="".bz""&TEXT(E73;""0"") & "" { fill:#"" &TEXT(O73;""0"") &"";fill-opacity:1 }""";;;"=WENNNV(Q73;"""")";;;;;;;;;
614;5;18,077299118042;19.04.20 19:00;614;7;25,3082180023193;03.05.20 17:00;;;=F74-B74;=G74-C74;;;"=WENNS(P74=AA$5;AC$5;P74=AA$4;AC$4;P74=AA$3;AC$3;P74 = AA$2;AC$2;P74=AA$1;AC$1)";"=WENNS(L74>AB$5;AA$5;L74>AB$4;AA$4;L74>AB$3;AA$3;L74>AB$2;AA$2;L74>AB$1;AA$1)";"="".bz""&TEXT(E74;""0"") & "" { fill:#"" &TEXT(O74;""0"") &"";fill-opacity:1 }""";;;"=WENNNV(Q74;"""")";;;;;;;;;
616;96;187,642929077148;19.04.20 19:00;616;104;203,279846191406;03.05.20 17:00;;;=F75-B75;=G75-C75;;;"=WENNS(P75=AA$5;AC$5;P75=AA$4;AC$4;P75=AA$3;AC$3;P75 = AA$2;AC$2;P75=AA$1;AC$1)";"=WENNS(L75>AB$5;AA$5;L75>AB$4;AA$4;L75>AB$3;AA$3;L75>AB$2;AA$2;L75>AB$1;AA$1)";"="".bz""&TEXT(E75;""0"") & "" { fill:#"" &TEXT(O75;""0"") &"";fill-opacity:1 }""";;;"=WENNNV(Q75;"""")";;;;;;;;;
617;154;170,461456298828;19.04.20 19:00;617;163;180,423492431641;03.05.20 17:00;;;=F76-B76;=G76-C76;;;"=WENNS(P76=AA$5;AC$5;P76=AA$4;AC$4;P76=AA$3;AC$3;P76 = AA$2;AC$2;P76=AA$1;AC$1)";"=WENNS(L76>AB$5;AA$5;L76>AB$4;AA$4;L76>AB$3;AA$3;L76>AB$2;AA$2;L76>AB$1;AA$1)";"="".bz""&TEXT(E76;""0"") & "" { fill:#"" &TEXT(O76;""0"") &"";fill-opacity:1 }""";;;"=WENNNV(Q76;"""")";;;;;;;;;
620;31;43,053165435791;19.04.20 19:00;620;31;43,053165435791;03.05.20 17:00;;;=F77-B77;=G77-C77;;;"=WENNS(P77=AA$5;AC$5;P77=AA$4;AC$4;P77=AA$3;AC$3;P77 = AA$2;AC$2;P77=AA$1;AC$1)";"=WENNS(L77>AB$5;AA$5;L77>AB$4;AA$4;L77>AB$3;AA$3;L77>AB$2;AA$2;L77>AB$1;AA$1)";"="".bz""&TEXT(E77;""0"") & "" { fill:#"" &TEXT(O77;""0"") &"";fill-opacity:1 }""";;;"=WENNNV(Q77;"""")";;;;;;;;;
621;51;51,5234794616699;19.04.20 19:00;621;52;52,5337409973145;03.05.20 17:00;;;=F78-B78;=G78-C78;;;"=WENNS(P78=AA$5;AC$5;P78=AA$4;AC$4;P78=AA$3;AC$3;P78 = AA$2;AC$2;P78=AA$1;AC$1)";"=WENNS(L78>AB$5;AA$5;L78>AB$4;AA$4;L78>AB$3;AA$3;L78>AB$2;AA$2;L78>AB$1;AA$1)";"="".bz""&TEXT(E78;""0"") & "" { fill:#"" &TEXT(O78;""0"") &"";fill-opacity:1 }""";;;"=WENNNV(Q78;"""")";;;;;;;;;
622;300;331,045440673828;19.04.20 19:00;622;312;344,287261962891;03.05.20 17:00;;;=F79-B79;=G79-C79;;;"=WENNS(P79=AA$5;AC$5;P79=AA$4;AC$4;P79=AA$3;AC$3;P79 = AA$2;AC$2;P79=AA$1;AC$1)";"=WENNS(L79>AB$5;AA$5;L79>AB$4;AA$4;L79>AB$3;AA$3;L79>AB$2;AA$2;L79>AB$1;AA$1)";"="".bz""&TEXT(E79;""0"") & "" { fill:#"" &TEXT(O79;""0"") &"";fill-opacity:1 }""";;;"=WENNNV(Q79;"""")";;;;;;;;;
623;51;59,3388938903809;19.04.20 19:00;623;58;67,4834518432617;03.05.20 17:00;;;=F80-B80;=G80-C80;;;"=WENNS(P80=AA$5;AC$5;P80=AA$4;AC$4;P80=AA$3;AC$3;P80 = AA$2;AC$2;P80=AA$1;AC$1)";"=WENNS(L80>AB$5;AA$5;L80>AB$4;AA$4;L80>AB$3;AA$3;L80>AB$2;AA$2;L80>AB$1;AA$1)";"="".bz""&TEXT(E80;""0"") & "" { fill:#"" &TEXT(O80;""0"") &"";fill-opacity:1 }""";;;"=WENNNV(Q80;"""")";;;;;;;;;
701;388;293,694641113281;19.04.20 19:00;701;411;311,104370117187;03.05.20 17:00;;;=F81-B81;=G81-C81;;;"=WENNS(P81=AA$5;AC$5;P81=AA$4;AC$4;P81=AA$3;AC$3;P81 = AA$2;AC$2;P81=AA$1;AC$1)";"=WENNS(L81>AB$5;AA$5;L81>AB$4;AA$4;L81>AB$3;AA$3;L81>AB$2;AA$2;L81>AB$1;AA$1)";"="".bz""&TEXT(E81;""0"") & "" { fill:#"" &TEXT(O81;""0"") &"";fill-opacity:1 }""";;;"=WENNNV(Q81;"""")";;;;;;;;;
702;282;469,561737060547;19.04.20 19:00;702;289;481,217529296875;03.05.20 17:00;;;=F82-B82;=G82-C82;;;"=WENNS(P82=AA$5;AC$5;P82=AA$4;AC$4;P82=AA$3;AC$3;P82 = AA$2;AC$2;P82=AA$1;AC$1)";"=WENNS(L82>AB$5;AA$5;L82>AB$4;AA$4;L82>AB$3;AA$3;L82>AB$2;AA$2;L82>AB$1;AA$1)";"="".bz""&TEXT(E82;""0"") & "" { fill:#"" &TEXT(O82;""0"") &"";fill-opacity:1 }""";;;"=WENNNV(Q82;"""")";;;;;;;;;
703;377;210,241027832031;19.04.20 19:00;703;387;215,81770324707;03.05.20 17:00;;;=F83-B83;=G83-C83;;;"=WENNS(P83=AA$5;AC$5;P83=AA$4;AC$4;P83=AA$3;AC$3;P83 = AA$2;AC$2;P83=AA$1;AC$1)";"=WENNS(L83>AB$5;AA$5;L83>AB$4;AA$4;L83>AB$3;AA$3;L83>AB$2;AA$2;L83>AB$1;AA$1)";"="".bz""&TEXT(E83;""0"") & "" { fill:#"" &TEXT(O83;""0"") &"";fill-opacity:1 }""";;;"=WENNNV(Q83;"""")";;;;;;;;;
704;355;555,720764160156;19.04.20 19:00;704;366;572,940307617187;03.05.20 17:00;;;=F84-B84;=G84-C84;;;"=WENNS(P84=AA$5;AC$5;P84=AA$4;AC$4;P84=AA$3;AC$3;P84 = AA$2;AC$2;P84=AA$1;AC$1)";"=WENNS(L84>AB$5;AA$5;L84>AB$4;AA$4;L84>AB$3;AA$3;L84>AB$2;AA$2;L84>AB$1;AA$1)";"="".bz""&TEXT(E84;""0"") & "" { fill:#"" &TEXT(O84;""0"") &"";fill-opacity:1 }""";;;"=WENNNV(Q84;"""")";;;;;;;;;
705;505;460,421936035156;19.04.20 19:00;705;514;468,627471923828;03.05.20 17:00;;;=F85-B85;=G85-C85;;;"=WENNS(P85=AA$5;AC$5;P85=AA$4;AC$4;P85=AA$3;AC$3;P85 = AA$2;AC$2;P85=AA$1;AC$1)";"=WENNS(L85>AB$5;AA$5;L85>AB$4;AA$4;L85>AB$3;AA$3;L85>AB$2;AA$2;L85>AB$1;AA$1)";"="".bz""&TEXT(E85;""0"") & "" { fill:#"" &TEXT(O85;""0"") &"";fill-opacity:1 }""";;;"=WENNNV(Q85;"""")";;;;;;;;;
706;971;2188,81030273437;19.04.20 19:00;706;990;2231,6396484375;03.05.20 17:00;;;=F86-B86;=G86-C86;;;"=WENNS(P86=AA$5;AC$5;P86=AA$4;AC$4;P86=AA$3;AC$3;P86 = AA$2;AC$2;P86=AA$1;AC$1)";"=WENNS(L86>AB$5;AA$5;L86>AB$4;AA$4;L86>AB$3;AA$3;L86>AB$2;AA$2;L86>AB$1;AA$1)";"="".bz""&TEXT(E86;""0"") & "" { fill:#"" &TEXT(O86;""0"") &"";fill-opacity:1 }""";;;"=WENNNV(Q86;"""")";;;;;;;;;
707;146;299,46875;19.04.20 19:00;707;150;307,673370361328;03.05.20 17:00;;;=F87-B87;=G87-C87;;;"=WENNS(P87=AA$5;AC$5;P87=AA$4;AC$4;P87=AA$3;AC$3;P87 = AA$2;AC$2;P87=AA$1;AC$1)";"=WENNS(L87>AB$5;AA$5;L87>AB$4;AA$4;L87>AB$3;AA$3;L87>AB$2;AA$2;L87>AB$1;AA$1)";"="".bz""&TEXT(E87;""0"") & "" { fill:#"" &TEXT(O87;""0"") &"";fill-opacity:1 }""";;;"=WENNNV(Q87;"""")";;;;;;;;;
708;56;171,411087036133;19.04.20 19:00;708;56;171,411087036133;03.05.20 17:00;;;=F88-B88;=G88-C88;;;"=WENNS(P88=AA$5;AC$5;P88=AA$4;AC$4;P88=AA$3;AC$3;P88 = AA$2;AC$2;P88=AA$1;AC$1)";"=WENNS(L88>AB$5;AA$5;L88>AB$4;AA$4;L88>AB$3;AA$3;L88>AB$2;AA$2;L88>AB$1;AA$1)";"="".bz""&TEXT(E88;""0"") & "" { fill:#"" &TEXT(O88;""0"") &"";fill-opacity:1 }""";;;"=WENNNV(Q88;"""")";;;;;;;;;
709;337;401,797943115234;19.04.20 19:00;709;344;410,143920898438;03.05.20 17:00;;;=F89-B89;=G89-C89;;;"=WENNS(P89=AA$5;AC$5;P89=AA$4;AC$4;P89=AA$3;AC$3;P89 = AA$2;AC$2;P89=AA$1;AC$1)";"=WENNS(L89>AB$5;AA$5;L89>AB$4;AA$4;L89>AB$3;AA$3;L89>AB$2;AA$2;L89>AB$1;AA$1)";"="".bz""&TEXT(E89;""0"") & "" { fill:#"" &TEXT(O89;""0"") &"";fill-opacity:1 }""";;;"=WENNNV(Q89;"""")";;;;;;;;;
801;247;387,669891357422;19.04.20 19:00;801;251;393,947967529297;03.05.20 17:00;;;=F90-B90;=G90-C90;;;"=WENNS(P90=AA$5;AC$5;P90=AA$4;AC$4;P90=AA$3;AC$3;P90 = AA$2;AC$2;P90=AA$1;AC$1)";"=WENNS(L90>AB$5;AA$5;L90>AB$4;AA$4;L90>AB$3;AA$3;L90>AB$2;AA$2;L90>AB$1;AA$1)";"="".bz""&TEXT(E90;""0"") & "" { fill:#"" &TEXT(O90;""0"") &"";fill-opacity:1 }""";;;"=WENNNV(Q90;"""")";;;;;;;;;
802;258;191,988571166992;19.04.20 19:00;802;260;193,476852416992;03.05.20 17:00;;;=F91-B91;=G91-C91;;;"=WENNS(P91=AA$5;AC$5;P91=AA$4;AC$4;P91=AA$3;AC$3;P91 = AA$2;AC$2;P91=AA$1;AC$1)";"=WENNS(L91>AB$5;AA$5;L91>AB$4;AA$4;L91>AB$3;AA$3;L91>AB$2;AA$2;L91>AB$1;AA$1)";"="".bz""&TEXT(E91;""0"") & "" { fill:#"" &TEXT(O91;""0"") &"";fill-opacity:1 }""";;;"=WENNNV(Q91;"""")";;;;;;;;;
803;145;162,846328735352;19.04.20 19:00;803;151;169,58479309082;03.05.20 17:00;;;=F92-B92;=G92-C92;;;"=WENNS(P92=AA$5;AC$5;P92=AA$4;AC$4;P92=AA$3;AC$3;P92 = AA$2;AC$2;P92=AA$1;AC$1)";"=WENNS(L92>AB$5;AA$5;L92>AB$4;AA$4;L92>AB$3;AA$3;L92>AB$2;AA$2;L92>AB$1;AA$1)";"="".bz""&TEXT(E92;""0"") & "" { fill:#"" &TEXT(O92;""0"") &"";fill-opacity:1 }""";;;"=WENNNV(Q92;"""")";;;;;;;;;
804;208;194,104095458984;19.04.20 19:00;804;211;196,903671264648;03.05.20 17:00;;;=F93-B93;=G93-C93;;;"=WENNS(P93=AA$5;AC$5;P93=AA$4;AC$4;P93=AA$3;AC$3;P93 = AA$2;AC$2;P93=AA$1;AC$1)";"=WENNS(L93>AB$5;AA$5;L93>AB$4;AA$4;L93>AB$3;AA$3;L93>AB$2;AA$2;L93>AB$1;AA$1)";"="".bz""&TEXT(E93;""0"") & "" { fill:#"" &TEXT(O93;""0"") &"";fill-opacity:1 }""";;;"=WENNNV(Q93;"""")";;;;;;;;;
900;2199;115,889877319336;19.04.20 19:00;900;2540;133,860977172852;03.05.20 17:00;;;=F94-B94;=G94-C94;;;"=WENNS(P94=AA$5;AC$5;P94=AA$4;AC$4;P94=AA$3;AC$3;P94 = AA$2;AC$2;P94=AA$1;AC$1)";"=WENNS(L94>AB$5;AA$5;L94>AB$4;AA$4;L94>AB$3;AA$3;L94>AB$2;AA$2;L94>AB$1;AA$1)";"="".bz""&TEXT(E94;""0"") & "" { fill:#"" &TEXT(O94;""0"") &"";fill-opacity:1 }""";;;"=WENNNV(Q94;"""")";;;;;;;;;
;;;;;;;;;;=F95-B95;=G95-C95;;;"=WENNS(P95=AA$5;AC$5;P95=AA$4;AC$4;P95=AA$3;AC$3;P95 = AA$2;AC$2;P95=AA$1;AC$1)";"=WENNS(L95>AB$5;AA$5;L95>AB$4;AA$4;L95>AB$3;AA$3;L95>AB$2;AA$2;L95>AB$1;AA$1)";"="".bz""&TEXT(E95;""0"") & "" { fill:#"" &TEXT(O95;""0"") &"";fill-opacity:1 }""";;;"=WENNNV(Q95;"""")";;;;;;;;;
