GKZ;Anzahl;Anzahl_Inzidenz;Timestamp;;;;Farbe;Rang;Zeile;;;Ränge;1;0;fceed3
101;16;109,312019348145;03.05.20 17:00;;;;"=WENNS(I2=N$5;P$5;I2=N$4;P$4;I2=N$3;P$3;I2 = N$2;P$2;I2=N$1;P$1)";"=WENNS(C2>O$5;N$5;C2>O$4;N$4;C2>O$3;N$3;C2>O$2;N$2;C2>O$1;N$1)";"="".bz""&TEXT(A2;""0"") & "" { fill:#"" &TEXT(H2;""0"") &"";fill-opacity:1 }""";;;;2;50;f2a88d
103;23;53,5793342590332;03.05.20 17:00;;;;"=WENNS(I3=N$5;P$5;I3=N$4;P$4;I3=N$3;P$3;I3 = N$2;P$2;I3=N$1;P$1)";"=WENNS(C3>O$5;N$5;C3>O$4;N$4;C3>O$3;N$3;C3>O$2;N$2;C3>O$1;N$1)";"="".bz""&TEXT(A3;""0"") & "" { fill:#"" &TEXT(H3;""0"") &"";fill-opacity:1 }""";;;;3;125;e54514
104;24;93,0340728759766;03.05.20 17:00;;;;"=WENNS(I4=N$5;P$5;I4=N$4;P$4;I4=N$3;P$3;I4 = N$2;P$2;I4=N$1;P$1)";"=WENNS(C4>O$5;N$5;C4>O$4;N$4;C4>O$3;N$3;C4>O$2;N$2;C4>O$1;N$1)";"="".bz""&TEXT(A4;""0"") & "" { fill:#"" &TEXT(H4;""0"") &"";fill-opacity:1 }""";;;;4;250;b80062
105;9;52,7364349365234;03.05.20 17:00;;;;"=WENNS(I5=N$5;P$5;I5=N$4;P$4;I5=N$3;P$3;I5 = N$2;P$2;I5=N$1;P$1)";"=WENNS(C5>O$5;N$5;C5>O$4;N$4;C5>O$3;N$3;C5>O$2;N$2;C5>O$1;N$1)";"="".bz""&TEXT(A5;""0"") & "" { fill:#"" &TEXT(H5;""0"") &"";fill-opacity:1 }""";;;;5;500;800080
106;46;115,216026306152;03.05.20 17:00;;;;"=WENNS(I6=N$5;P$5;I6=N$4;P$4;I6=N$3;P$3;I6 = N$2;P$2;I6=N$1;P$1)";"=WENNS(C6>O$5;N$5;C6>O$4;N$4;C6>O$3;N$3;C6>O$2;N$2;C6>O$1;N$1)";"="".bz""&TEXT(A6;""0"") & "" { fill:#"" &TEXT(H6;""0"") &"";fill-opacity:1 }""";;;;;;
107;56;94,0354614257813;03.05.20 17:00;;;;"=WENNS(I7=N$5;P$5;I7=N$4;P$4;I7=N$3;P$3;I7 = N$2;P$2;I7=N$1;P$1)";"=WENNS(C7>O$5;N$5;C7>O$4;N$4;C7>O$3;N$3;C7>O$2;N$2;C7>O$1;N$1)";"="".bz""&TEXT(A7;""0"") & "" { fill:#"" &TEXT(H7;""0"") &"";fill-opacity:1 }""";;;;;;
108;23;61,3120803833008;03.05.20 17:00;;;;"=WENNS(I8=N$5;P$5;I8=N$4;P$4;I8=N$3;P$3;I8 = N$2;P$2;I8=N$1;P$1)";"=WENNS(C8>O$5;N$5;C8>O$4;N$4;C8>O$3;N$3;C8>O$2;N$2;C8>O$1;N$1)";"="".bz""&TEXT(A8;""0"") & "" { fill:#"" &TEXT(H8;""0"") &"";fill-opacity:1 }""";;;;;;
109;130;240,402389526367;03.05.20 17:00;;;;"=WENNS(I9=N$5;P$5;I9=N$4;P$4;I9=N$3;P$3;I9 = N$2;P$2;I9=N$1;P$1)";"=WENNS(C9>O$5;N$5;C9>O$4;N$4;C9>O$3;N$3;C9>O$2;N$2;C9>O$1;N$1)";"="".bz""&TEXT(A9;""0"") & "" { fill:#"" &TEXT(H9;""0"") &"";fill-opacity:1 }""";;;;;;
201;89;88,2787628173828;03.05.20 17:00;;;;"=WENNS(I10=N$5;P$5;I10=N$4;P$4;I10=N$3;P$3;I10 = N$2;P$2;I10=N$1;P$1)";"=WENNS(C10>O$5;N$5;C10>O$4;N$4;C10>O$3;N$3;C10>O$2;N$2;C10>O$1;N$1)";"="".bz""&TEXT(A10;""0"") & "" { fill:#"" &TEXT(H10;""0"") &"";fill-opacity:1 }""";;;;;;
202;21;33,7387351989746;03.05.20 17:00;;;;"=WENNS(I11=N$5;P$5;I11=N$4;P$4;I11=N$3;P$3;I11 = N$2;P$2;I11=N$1;P$1)";"=WENNS(C11>O$5;N$5;C11>O$4;N$4;C11>O$3;N$3;C11>O$2;N$2;C11>O$1;N$1)";"="".bz""&TEXT(A11;""0"") & "" { fill:#"" &TEXT(H11;""0"") &"";fill-opacity:1 }""";;;;;;
203;5;27,4363479614258;03.05.20 17:00;;;;"=WENNS(I12=N$5;P$5;I12=N$4;P$4;I12=N$3;P$3;I12 = N$2;P$2;I12=N$1;P$1)";"=WENNS(C12>O$5;N$5;C12>O$4;N$4;C12>O$3;N$3;C12>O$2;N$2;C12>O$1;N$1)";"="".bz""&TEXT(A12;""0"") & "" { fill:#"" &TEXT(H12;""0"") &"";fill-opacity:1 }""";;;;;;
204;43;71,9063568115234;03.05.20 17:00;;;;"=WENNS(I13=N$5;P$5;I13=N$4;P$4;I13=N$3;P$3;I13 = N$2;P$2;I13=N$1;P$1)";"=WENNS(C13>O$5;N$5;C13>O$4;N$4;C13>O$3;N$3;C13>O$2;N$2;C13>O$1;N$1)";"="".bz""&TEXT(A13;""0"") & "" { fill:#"" &TEXT(H13;""0"") &"";fill-opacity:1 }""";;;;;;
205;50;91,6506271362305;03.05.20 17:00;;;;"=WENNS(I14=N$5;P$5;I14=N$4;P$4;I14=N$3;P$3;I14 = N$2;P$2;I14=N$1;P$1)";"=WENNS(C14>O$5;N$5;C14>O$4;N$4;C14>O$3;N$3;C14>O$2;N$2;C14>O$1;N$1)";"="".bz""&TEXT(A14;""0"") & "" { fill:#"" &TEXT(H14;""0"") &"";fill-opacity:1 }""";;;;;;
206;41;53,8828506469727;03.05.20 17:00;;;;"=WENNS(I15=N$5;P$5;I15=N$4;P$4;I15=N$3;P$3;I15 = N$2;P$2;I15=N$1;P$1)";"=WENNS(C15>O$5;N$5;C15>O$4;N$4;C15>O$3;N$3;C15>O$2;N$2;C15>O$1;N$1)";"="".bz""&TEXT(A15;""0"") & "" { fill:#"" &TEXT(H15;""0"") &"";fill-opacity:1 }""";;;;;;
207;48;74,2252731323242;03.05.20 17:00;;;;"=WENNS(I16=N$5;P$5;I16=N$4;P$4;I16=N$3;P$3;I16 = N$2;P$2;I16=N$1;P$1)";"=WENNS(C16>O$5;N$5;C16>O$4;N$4;C16>O$3;N$3;C16>O$2;N$2;C16>O$1;N$1)";"="".bz""&TEXT(A16;""0"") & "" { fill:#"" &TEXT(H16;""0"") &"";fill-opacity:1 }""";;;;;;
208;54;128,945983886719;03.05.20 17:00;;;;"=WENNS(I17=N$5;P$5;I17=N$4;P$4;I17=N$3;P$3;I17 = N$2;P$2;I17=N$1;P$1)";"=WENNS(C17>O$5;N$5;C17>O$4;N$4;C17>O$3;N$3;C17>O$2;N$2;C17>O$1;N$1)";"="".bz""&TEXT(A17;""0"") & "" { fill:#"" &TEXT(H17;""0"") &"";fill-opacity:1 }""";;;;;;
209;44;83,4502868652344;03.05.20 17:00;;;;"=WENNS(I18=N$5;P$5;I18=N$4;P$4;I18=N$3;P$3;I18 = N$2;P$2;I18=N$1;P$1)";"=WENNS(C18>O$5;N$5;C18>O$4;N$4;C18>O$3;N$3;C18>O$2;N$2;C18>O$1;N$1)";"="".bz""&TEXT(A18;""0"") & "" { fill:#"" &TEXT(H18;""0"") &"";fill-opacity:1 }""";;;;;;
210;15;50,1052207946777;03.05.20 17:00;;;;"=WENNS(I19=N$5;P$5;I19=N$4;P$4;I19=N$3;P$3;I19 = N$2;P$2;I19=N$1;P$1)";"=WENNS(C19>O$5;N$5;C19>O$4;N$4;C19>O$3;N$3;C19>O$2;N$2;C19>O$1;N$1)";"="".bz""&TEXT(A19;""0"") & "" { fill:#"" &TEXT(H19;""0"") &"";fill-opacity:1 }""";;;;;;
301;40;160,797561645508;03.05.20 17:00;;;;"=WENNS(I20=N$5;P$5;I20=N$4;P$4;I20=N$3;P$3;I20 = N$2;P$2;I20=N$1;P$1)";"=WENNS(C20>O$5;N$5;C20>O$4;N$4;C20>O$3;N$3;C20>O$2;N$2;C20>O$1;N$1)";"="".bz""&TEXT(A20;""0"") & "" { fill:#"" &TEXT(H20;""0"") &"";fill-opacity:1 }""";;;;;;
302;86;156,238647460938;03.05.20 17:00;;;;"=WENNS(I21=N$5;P$5;I21=N$4;P$4;I21=N$3;P$3;I21 = N$2;P$2;I21=N$1;P$1)";"=WENNS(C21>O$5;N$5;C21>O$4;N$4;C21>O$3;N$3;C21>O$2;N$2;C21>O$1;N$1)";"="".bz""&TEXT(A21;""0"") & "" { fill:#"" &TEXT(H21;""0"") &"";fill-opacity:1 }""";;;;;;
303;23;204,244735717773;03.05.20 17:00;;;;"=WENNS(I22=N$5;P$5;I22=N$4;P$4;I22=N$3;P$3;I22 = N$2;P$2;I22=N$1;P$1)";"=WENNS(C22>O$5;N$5;C22>O$4;N$4;C22>O$3;N$3;C22>O$2;N$2;C22>O$1;N$1)";"="".bz""&TEXT(A22;""0"") & "" { fill:#"" &TEXT(H22;""0"") &"";fill-opacity:1 }""";;;;;;
304;46;101,596839904785;03.05.20 17:00;;;;"=WENNS(I23=N$5;P$5;I23=N$4;P$4;I23=N$3;P$3;I23 = N$2;P$2;I23=N$1;P$1)";"=WENNS(C23>O$5;N$5;C23>O$4;N$4;C23>O$3;N$3;C23>O$2;N$2;C23>O$1;N$1)";"="".bz""&TEXT(A23;""0"") & "" { fill:#"" &TEXT(H23;""0"") &"";fill-opacity:1 }""";;;;;;
305;295;254,060668945313;03.05.20 17:00;;;;"=WENNS(I24=N$5;P$5;I24=N$4;P$4;I24=N$3;P$3;I24 = N$2;P$2;I24=N$1;P$1)";"=WENNS(C24>O$5;N$5;C24>O$4;N$4;C24>O$3;N$3;C24>O$2;N$2;C24>O$1;N$1)";"="".bz""&TEXT(A24;""0"") & "" { fill:#"" &TEXT(H24;""0"") &"";fill-opacity:1 }""";;;;;;
306;138;94,3893051147461;03.05.20 17:00;;;;"=WENNS(I25=N$5;P$5;I25=N$4;P$4;I25=N$3;P$3;I25 = N$2;P$2;I25=N$1;P$1)";"=WENNS(C25>O$5;N$5;C25>O$4;N$4;C25>O$3;N$3;C25>O$2;N$2;C25>O$1;N$1)";"="".bz""&TEXT(A25;""0"") & "" { fill:#"" &TEXT(H25;""0"") &"";fill-opacity:1 }""";;;;;;
307;78;76,4630889892578;03.05.20 17:00;;;;"=WENNS(I26=N$5;P$5;I26=N$4;P$4;I26=N$3;P$3;I26 = N$2;P$2;I26=N$1;P$1)";"=WENNS(C26>O$5;N$5;C26>O$4;N$4;C26>O$3;N$3;C26>O$2;N$2;C26>O$1;N$1)";"="".bz""&TEXT(A26;""0"") & "" { fill:#"" &TEXT(H26;""0"") &"";fill-opacity:1 }""";;;;;;
308;88;84,8716354370117;03.05.20 17:00;;;;"=WENNS(I27=N$5;P$5;I27=N$4;P$4;I27=N$3;P$3;I27 = N$2;P$2;I27=N$1;P$1)";"=WENNS(C27>O$5;N$5;C27>O$4;N$4;C27>O$3;N$3;C27>O$2;N$2;C27>O$1;N$1)";"="".bz""&TEXT(A27;""0"") & "" { fill:#"" &TEXT(H27;""0"") &"";fill-opacity:1 }""";;;;;;
309;14;38,0714111328125;03.05.20 17:00;;;;"=WENNS(I28=N$5;P$5;I28=N$4;P$4;I28=N$3;P$3;I28 = N$2;P$2;I28=N$1;P$1)";"=WENNS(C28>O$5;N$5;C28>O$4;N$4;C28>O$3;N$3;C28>O$2;N$2;C28>O$1;N$1)";"="".bz""&TEXT(A28;""0"") & "" { fill:#"" &TEXT(H28;""0"") &"";fill-opacity:1 }""";;;;;;
310;34;66,8528060913086;03.05.20 17:00;;;;"=WENNS(I29=N$5;P$5;I29=N$4;P$4;I29=N$3;P$3;I29 = N$2;P$2;I29=N$1;P$1)";"=WENNS(C29>O$5;N$5;C29>O$4;N$4;C29>O$3;N$3;C29>O$2;N$2;C29>O$1;N$1)";"="".bz""&TEXT(A29;""0"") & "" { fill:#"" &TEXT(H29;""0"") &"";fill-opacity:1 }""";;;;;;
311;44;141,524612426758;03.05.20 17:00;;;;"=WENNS(I30=N$5;P$5;I30=N$4;P$4;I30=N$3;P$3;I30 = N$2;P$2;I30=N$1;P$1)";"=WENNS(C30>O$5;N$5;C30>O$4;N$4;C30>O$3;N$3;C30>O$2;N$2;C30>O$1;N$1)";"="".bz""&TEXT(A30;""0"") & "" { fill:#"" &TEXT(H30;""0"") &"";fill-opacity:1 }""";;;;;;
312;155;170,537689208984;03.05.20 17:00;;;;"=WENNS(I31=N$5;P$5;I31=N$4;P$4;I31=N$3;P$3;I31 = N$2;P$2;I31=N$1;P$1)";"=WENNS(C31>O$5;N$5;C31>O$4;N$4;C31>O$3;N$3;C31>O$2;N$2;C31>O$1;N$1)";"="".bz""&TEXT(A31;""0"") & "" { fill:#"" &TEXT(H31;""0"") &"";fill-opacity:1 }""";;;;;;
313;150;265,036407470703;03.05.20 17:00;;;;"=WENNS(I32=N$5;P$5;I32=N$4;P$4;I32=N$3;P$3;I32 = N$2;P$2;I32=N$1;P$1)";"=WENNS(C32>O$5;N$5;C32>O$4;N$4;C32>O$3;N$3;C32>O$2;N$2;C32>O$1;N$1)";"="".bz""&TEXT(A32;""0"") & "" { fill:#"" &TEXT(H32;""0"") &"";fill-opacity:1 }""";;;;;;
314;41;158,840850830078;03.05.20 17:00;;;;"=WENNS(I33=N$5;P$5;I33=N$4;P$4;I33=N$3;P$3;I33 = N$2;P$2;I33=N$1;P$1)";"=WENNS(C33>O$5;N$5;C33>O$4;N$4;C33>O$3;N$3;C33>O$2;N$2;C33>O$1;N$1)";"="".bz""&TEXT(A33;""0"") & "" { fill:#"" &TEXT(H33;""0"") &"";fill-opacity:1 }""";;;;;;
315;168;215,489593505859;03.05.20 17:00;;;;"=WENNS(I34=N$5;P$5;I34=N$4;P$4;I34=N$3;P$3;I34 = N$2;P$2;I34=N$1;P$1)";"=WENNS(C34>O$5;N$5;C34>O$4;N$4;C34>O$3;N$3;C34>O$2;N$2;C34>O$1;N$1)";"="".bz""&TEXT(A34;""0"") & "" { fill:#"" &TEXT(H34;""0"") &"";fill-opacity:1 }""";;;;;;
316;131;173,549011230469;03.05.20 17:00;;;;"=WENNS(I35=N$5;P$5;I35=N$4;P$4;I35=N$3;P$3;I35 = N$2;P$2;I35=N$1;P$1)";"=WENNS(C35>O$5;N$5;C35>O$4;N$4;C35>O$3;N$3;C35>O$2;N$2;C35>O$1;N$1)";"="".bz""&TEXT(A35;""0"") & "" { fill:#"" &TEXT(H35;""0"") &"";fill-opacity:1 }""";;;;;;
317;171;143,699890136719;03.05.20 17:00;;;;"=WENNS(I36=N$5;P$5;I36=N$4;P$4;I36=N$3;P$3;I36 = N$2;P$2;I36=N$1;P$1)";"=WENNS(C36>O$5;N$5;C36>O$4;N$4;C36>O$3;N$3;C36>O$2;N$2;C36>O$1;N$1)";"="".bz""&TEXT(A36;""0"") & "" { fill:#"" &TEXT(H36;""0"") &"";fill-opacity:1 }""";;;;;;
318;177;205,119888305664;03.05.20 17:00;;;;"=WENNS(I37=N$5;P$5;I37=N$4;P$4;I37=N$3;P$3;I37 = N$2;P$2;I37=N$1;P$1)";"=WENNS(C37>O$5;N$5;C37>O$4;N$4;C37>O$3;N$3;C37>O$2;N$2;C37>O$1;N$1)";"="".bz""&TEXT(A37;""0"") & "" { fill:#"" &TEXT(H37;""0"") &"";fill-opacity:1 }""";;;;;;
319;266;202,985260009766;03.05.20 17:00;;;;"=WENNS(I38=N$5;P$5;I38=N$4;P$4;I38=N$3;P$3;I38 = N$2;P$2;I38=N$1;P$1)";"=WENNS(C38>O$5;N$5;C38>O$4;N$4;C38>O$3;N$3;C38>O$2;N$2;C38>O$1;N$1)";"="".bz""&TEXT(A38;""0"") & "" { fill:#"" &TEXT(H38;""0"") &"";fill-opacity:1 }""";;;;;;
320;103;248,77424621582;03.05.20 17:00;;;;"=WENNS(I39=N$5;P$5;I39=N$4;P$4;I39=N$3;P$3;I39 = N$2;P$2;I39=N$1;P$1)";"=WENNS(C39>O$5;N$5;C39>O$4;N$4;C39>O$3;N$3;C39>O$2;N$2;C39>O$1;N$1)";"="".bz""&TEXT(A39;""0"") & "" { fill:#"" &TEXT(H39;""0"") &"";fill-opacity:1 }""";;;;;;
321;169;162,858596801758;03.05.20 17:00;;;;"=WENNS(I40=N$5;P$5;I40=N$4;P$4;I40=N$3;P$3;I40 = N$2;P$2;I40=N$1;P$1)";"=WENNS(C40>O$5;N$5;C40>O$4;N$4;C40>O$3;N$3;C40>O$2;N$2;C40>O$1;N$1)";"="".bz""&TEXT(A40;""0"") & "" { fill:#"" &TEXT(H40;""0"") &"";fill-opacity:1 }""";;;;;;
322;71;274,258331298828;03.05.20 17:00;;;;"=WENNS(I41=N$5;P$5;I41=N$4;P$4;I41=N$3;P$3;I41 = N$2;P$2;I41=N$1;P$1)";"=WENNS(C41>O$5;N$5;C41>O$4;N$4;C41>O$3;N$3;C41>O$2;N$2;C41>O$1;N$1)";"="".bz""&TEXT(A41;""0"") & "" { fill:#"" &TEXT(H41;""0"") &"";fill-opacity:1 }""";;;;;;
323;73;93,6005401611328;03.05.20 17:00;;;;"=WENNS(I42=N$5;P$5;I42=N$4;P$4;I42=N$3;P$3;I42 = N$2;P$2;I42=N$1;P$1)";"=WENNS(C42>O$5;N$5;C42>O$4;N$4;C42>O$3;N$3;C42>O$2;N$2;C42>O$1;N$1)";"="".bz""&TEXT(A42;""0"") & "" { fill:#"" &TEXT(H42;""0"") &"";fill-opacity:1 }""";;;;;;
325;72;170,527206420898;03.05.20 17:00;;;;"=WENNS(I43=N$5;P$5;I43=N$4;P$4;I43=N$3;P$3;I43 = N$2;P$2;I43=N$1;P$1)";"=WENNS(C43>O$5;N$5;C43>O$4;N$4;C43>O$3;N$3;C43>O$2;N$2;C43>O$1;N$1)";"="".bz""&TEXT(A43;""0"") & "" { fill:#"" &TEXT(H43;""0"") &"";fill-opacity:1 }""";;;;;;
401;304;147,76936340332;03.05.20 17:00;;;;"=WENNS(I44=N$5;P$5;I44=N$4;P$4;I44=N$3;P$3;I44 = N$2;P$2;I44=N$1;P$1)";"=WENNS(C44>O$5;N$5;C44>O$4;N$4;C44>O$3;N$3;C44>O$2;N$2;C44>O$1;N$1)";"="".bz""&TEXT(A44;""0"") & "" { fill:#"" &TEXT(H44;""0"") &"";fill-opacity:1 }""";;;;;;
402;61;159,715133666992;03.05.20 17:00;;;;"=WENNS(I45=N$5;P$5;I45=N$4;P$4;I45=N$3;P$3;I45 = N$2;P$2;I45=N$1;P$1)";"=WENNS(C45>O$5;N$5;C45>O$4;N$4;C45>O$3;N$3;C45>O$2;N$2;C45>O$1;N$1)";"="".bz""&TEXT(A45;""0"") & "" { fill:#"" &TEXT(H45;""0"") &"";fill-opacity:1 }""";;;;;;
403;58;93,9621200561524;03.05.20 17:00;;;;"=WENNS(I46=N$5;P$5;I46=N$4;P$4;I46=N$3;P$3;I46 = N$2;P$2;I46=N$1;P$1)";"=WENNS(C46>O$5;N$5;C46>O$4;N$4;C46>O$3;N$3;C46>O$2;N$2;C46>O$1;N$1)";"="".bz""&TEXT(A46;""0"") & "" { fill:#"" &TEXT(H46;""0"") &"";fill-opacity:1 }""";;;;;;
404;128;122,595970153809;03.05.20 17:00;;;;"=WENNS(I47=N$5;P$5;I47=N$4;P$4;I47=N$3;P$3;I47 = N$2;P$2;I47=N$1;P$1)";"=WENNS(C47>O$5;N$5;C47>O$4;N$4;C47>O$3;N$3;C47>O$2;N$2;C47>O$1;N$1)";"="".bz""&TEXT(A47;""0"") & "" { fill:#"" &TEXT(H47;""0"") &"";fill-opacity:1 }""";;;;;;
405;53;159,850402832031;03.05.20 17:00;;;;"=WENNS(I48=N$5;P$5;I48=N$4;P$4;I48=N$3;P$3;I48 = N$2;P$2;I48=N$1;P$1)";"=WENNS(C48>O$5;N$5;C48>O$4;N$4;C48>O$3;N$3;C48>O$2;N$2;C48>O$1;N$1)";"="".bz""&TEXT(A48;""0"") & "" { fill:#"" &TEXT(H48;""0"") &"";fill-opacity:1 }""";;;;;;
406;118;177,121322631836;03.05.20 17:00;;;;"=WENNS(I49=N$5;P$5;I49=N$4;P$4;I49=N$3;P$3;I49 = N$2;P$2;I49=N$1;P$1)";"=WENNS(C49>O$5;N$5;C49>O$4;N$4;C49>O$3;N$3;C49>O$2;N$2;C49>O$1;N$1)";"="".bz""&TEXT(A49;""0"") & "" { fill:#"" &TEXT(H49;""0"") &"";fill-opacity:1 }""";;;;;;
407;72;70,8445281982422;03.05.20 17:00;;;;"=WENNS(I50=N$5;P$5;I50=N$4;P$4;I50=N$3;P$3;I50 = N$2;P$2;I50=N$1;P$1)";"=WENNS(C50>O$5;N$5;C50>O$4;N$4;C50>O$3;N$3;C50>O$2;N$2;C50>O$1;N$1)";"="".bz""&TEXT(A50;""0"") & "" { fill:#"" &TEXT(H50;""0"") &"";fill-opacity:1 }""";;;;;;
408;74;114,336921691895;03.05.20 17:00;;;;"=WENNS(I51=N$5;P$5;I51=N$4;P$4;I51=N$3;P$3;I51 = N$2;P$2;I51=N$1;P$1)";"=WENNS(C51>O$5;N$5;C51>O$4;N$4;C51>O$3;N$3;C51>O$2;N$2;C51>O$1;N$1)";"="".bz""&TEXT(A51;""0"") & "" { fill:#"" &TEXT(H51;""0"") &"";fill-opacity:1 }""";;;;;;
409;42;73,8578414916992;03.05.20 17:00;;;;"=WENNS(I52=N$5;P$5;I52=N$4;P$4;I52=N$3;P$3;I52 = N$2;P$2;I52=N$1;P$1)";"=WENNS(C52>O$5;N$5;C52>O$4;N$4;C52>O$3;N$3;C52>O$2;N$2;C52>O$1;N$1)";"="".bz""&TEXT(A52;""0"") & "" { fill:#"" &TEXT(H52;""0"") &"";fill-opacity:1 }""";;;;;;
410;203;135,087478637695;03.05.20 17:00;;;;"=WENNS(I53=N$5;P$5;I53=N$4;P$4;I53=N$3;P$3;I53 = N$2;P$2;I53=N$1;P$1)";"=WENNS(C53>O$5;N$5;C53>O$4;N$4;C53>O$3;N$3;C53>O$2;N$2;C53>O$1;N$1)";"="".bz""&TEXT(A53;""0"") & "" { fill:#"" &TEXT(H53;""0"") &"";fill-opacity:1 }""";;;;;;
411;251;366,642822265625;03.05.20 17:00;;;;"=WENNS(I54=N$5;P$5;I54=N$4;P$4;I54=N$3;P$3;I54 = N$2;P$2;I54=N$1;P$1)";"=WENNS(C54>O$5;N$5;C54>O$4;N$4;C54>O$3;N$3;C54>O$2;N$2;C54>O$1;N$1)";"="".bz""&TEXT(A54;""0"") & "" { fill:#"" &TEXT(H54;""0"") &"";fill-opacity:1 }""";;;;;;
412;43;70,2568435668945;03.05.20 17:00;;;;"=WENNS(I55=N$5;P$5;I55=N$4;P$4;I55=N$3;P$3;I55 = N$2;P$2;I55=N$1;P$1)";"=WENNS(C55>O$5;N$5;C55>O$4;N$4;C55>O$3;N$3;C55>O$2;N$2;C55>O$1;N$1)";"="".bz""&TEXT(A55;""0"") & "" { fill:#"" &TEXT(H55;""0"") &"";fill-opacity:1 }""";;;;;;
413;150;265,373992919922;03.05.20 17:00;;;;"=WENNS(I56=N$5;P$5;I56=N$4;P$4;I56=N$3;P$3;I56 = N$2;P$2;I56=N$1;P$1)";"=WENNS(C56>O$5;N$5;C56>O$4;N$4;C56>O$3;N$3;C56>O$2;N$2;C56>O$1;N$1)";"="".bz""&TEXT(A56;""0"") & "" { fill:#"" &TEXT(H56;""0"") &"";fill-opacity:1 }""";;;;;;
414;56;97,7192993164062;03.05.20 17:00;;;;"=WENNS(I57=N$5;P$5;I57=N$4;P$4;I57=N$3;P$3;I57 = N$2;P$2;I57=N$1;P$1)";"=WENNS(C57>O$5;N$5;C57>O$4;N$4;C57>O$3;N$3;C57>O$2;N$2;C57>O$1;N$1)";"="".bz""&TEXT(A57;""0"") & "" { fill:#"" &TEXT(H57;""0"") &"";fill-opacity:1 }""";;;;;;
415;181;299,534973144531;03.05.20 17:00;;;;"=WENNS(I58=N$5;P$5;I58=N$4;P$4;I58=N$3;P$3;I58 = N$2;P$2;I58=N$1;P$1)";"=WENNS(C58>O$5;N$5;C58>O$4;N$4;C58>O$3;N$3;C58>O$2;N$2;C58>O$1;N$1)";"="".bz""&TEXT(A58;""0"") & "" { fill:#"" &TEXT(H58;""0"") &"";fill-opacity:1 }""";;;;;;
416;280;327,466217041016;03.05.20 17:00;;;;"=WENNS(I59=N$5;P$5;I59=N$4;P$4;I59=N$3;P$3;I59 = N$2;P$2;I59=N$1;P$1)";"=WENNS(C59>O$5;N$5;C59>O$4;N$4;C59>O$3;N$3;C59>O$2;N$2;C59>O$1;N$1)";"="".bz""&TEXT(A59;""0"") & "" { fill:#"" &TEXT(H59;""0"") &"";fill-opacity:1 }""";;;;;;
417;105;77,0625228881836;03.05.20 17:00;;;;"=WENNS(I60=N$5;P$5;I60=N$4;P$4;I60=N$3;P$3;I60 = N$2;P$2;I60=N$1;P$1)";"=WENNS(C60>O$5;N$5;C60>O$4;N$4;C60>O$3;N$3;C60>O$2;N$2;C60>O$1;N$1)";"="".bz""&TEXT(A60;""0"") & "" { fill:#"" &TEXT(H60;""0"") &"";fill-opacity:1 }""";;;;;;
418;78;106,711906433105;03.05.20 17:00;;;;"=WENNS(I61=N$5;P$5;I61=N$4;P$4;I61=N$3;P$3;I61 = N$2;P$2;I61=N$1;P$1)";"=WENNS(C61>O$5;N$5;C61>O$4;N$4;C61>O$3;N$3;C61>O$2;N$2;C61>O$1;N$1)";"="".bz""&TEXT(A61;""0"") & "" { fill:#"" &TEXT(H61;""0"") &"";fill-opacity:1 }""";;;;;;
501;142;92,0816268920899;03.05.20 17:00;;;;"=WENNS(I62=N$5;P$5;I62=N$4;P$4;I62=N$3;P$3;I62 = N$2;P$2;I62=N$1;P$1)";"=WENNS(C62>O$5;N$5;C62>O$4;N$4;C62>O$3;N$3;C62>O$2;N$2;C62>O$1;N$1)";"="".bz""&TEXT(A62;""0"") & "" { fill:#"" &TEXT(H62;""0"") &"";fill-opacity:1 }""";;;;;;
502;68;112,63126373291;03.05.20 17:00;;;;"=WENNS(I63=N$5;P$5;I63=N$4;P$4;I63=N$3;P$3;I63 = N$2;P$2;I63=N$1;P$1)";"=WENNS(C63>O$5;N$5;C63>O$4;N$4;C63>O$3;N$3;C63>O$2;N$2;C63>O$1;N$1)";"="".bz""&TEXT(A63;""0"") & "" { fill:#"" &TEXT(H63;""0"") &"";fill-opacity:1 }""";;;;;;
503;197;129,366104125977;03.05.20 17:00;;;;"=WENNS(I64=N$5;P$5;I64=N$4;P$4;I64=N$3;P$3;I64 = N$2;P$2;I64=N$1;P$1)";"=WENNS(C64>O$5;N$5;C64>O$4;N$4;C64>O$3;N$3;C64>O$2;N$2;C64>O$1;N$1)";"="".bz""&TEXT(A64;""0"") & "" { fill:#"" &TEXT(H64;""0"") &"";fill-opacity:1 }""";;;;;;
504;434;538,641967773438;03.05.20 17:00;;;;"=WENNS(I65=N$5;P$5;I65=N$4;P$4;I65=N$3;P$3;I65 = N$2;P$2;I65=N$1;P$1)";"=WENNS(C65>O$5;N$5;C65>O$4;N$4;C65>O$3;N$3;C65>O$2;N$2;C65>O$1;N$1)";"="".bz""&TEXT(A65;""0"") & "" { fill:#"" &TEXT(H65;""0"") &"";fill-opacity:1 }""";;;;;;
505;22;108,267715454102;03.05.20 17:00;;;;"=WENNS(I66=N$5;P$5;I66=N$4;P$4;I66=N$3;P$3;I66 = N$2;P$2;I66=N$1;P$1)";"=WENNS(C66>O$5;N$5;C66>O$4;N$4;C66>O$3;N$3;C66>O$2;N$2;C66>O$1;N$1)";"="".bz""&TEXT(A66;""0"") & "" { fill:#"" &TEXT(H66;""0"") &"";fill-opacity:1 }""";;;;;;
506;356;407,033905029297;03.05.20 17:00;;;;"=WENNS(I67=N$5;P$5;I67=N$4;P$4;I67=N$3;P$3;I67 = N$2;P$2;I67=N$1;P$1)";"=WENNS(C67>O$5;N$5;C67>O$4;N$4;C67>O$3;N$3;C67>O$2;N$2;C67>O$1;N$1)";"="".bz""&TEXT(A67;""0"") & "" { fill:#"" &TEXT(H67;""0"") &"";fill-opacity:1 }""";;;;;;
601;478;165,509033203125;03.05.20 17:00;;;;"=WENNS(I68=N$5;P$5;I68=N$4;P$4;I68=N$3;P$3;I68 = N$2;P$2;I68=N$1;P$1)";"=WENNS(C68>O$5;N$5;C68>O$4;N$4;C68>O$3;N$3;C68>O$2;N$2;C68>O$1;N$1)";"="".bz""&TEXT(A68;""0"") & "" { fill:#"" &TEXT(H68;""0"") &"";fill-opacity:1 }""";;;;;;
603;48;78,9201126098633;03.05.20 17:00;;;;"=WENNS(I69=N$5;P$5;I69=N$4;P$4;I69=N$3;P$3;I69 = N$2;P$2;I69=N$1;P$1)";"=WENNS(C69>O$5;N$5;C69>O$4;N$4;C69>O$3;N$3;C69>O$2;N$2;C69>O$1;N$1)";"="".bz""&TEXT(A69;""0"") & "" { fill:#"" &TEXT(H69;""0"") &"";fill-opacity:1 }""";;;;;;
606;222;143,912872314453;03.05.20 17:00;;;;"=WENNS(I70=N$5;P$5;I70=N$4;P$4;I70=N$3;P$3;I70 = N$2;P$2;I70=N$1;P$1)";"=WENNS(C70>O$5;N$5;C70>O$4;N$4;C70>O$3;N$3;C70>O$2;N$2;C70>O$1;N$1)";"="".bz""&TEXT(A70;""0"") & "" { fill:#"" &TEXT(H70;""0"") &"";fill-opacity:1 }""";;;;;;
610;183;221,861206054687;03.05.20 17:00;;;;"=WENNS(I71=N$5;P$5;I71=N$4;P$4;I71=N$3;P$3;I71 = N$2;P$2;I71=N$1;P$1)";"=WENNS(C71>O$5;N$5;C71>O$4;N$4;C71>O$3;N$3;C71>O$2;N$2;C71>O$1;N$1)";"="".bz""&TEXT(A71;""0"") & "" { fill:#"" &TEXT(H71;""0"") &"";fill-opacity:1 }""";;;;;;
611;23;38,2950401306152;03.05.20 17:00;;;;"=WENNS(I72=N$5;P$5;I72=N$4;P$4;I72=N$3;P$3;I72 = N$2;P$2;I72=N$1;P$1)";"=WENNS(C72>O$5;N$5;C72>O$4;N$4;C72>O$3;N$3;C72>O$2;N$2;C72>O$1;N$1)";"="".bz""&TEXT(A72;""0"") & "" { fill:#"" &TEXT(H72;""0"") &"";fill-opacity:1 }""";;;;;;
612;86;107,633193969727;03.05.20 17:00;;;;"=WENNS(I73=N$5;P$5;I73=N$4;P$4;I73=N$3;P$3;I73 = N$2;P$2;I73=N$1;P$1)";"=WENNS(C73>O$5;N$5;C73>O$4;N$4;C73>O$3;N$3;C73>O$2;N$2;C73>O$1;N$1)";"="".bz""&TEXT(A73;""0"") & "" { fill:#"" &TEXT(H73;""0"") &"";fill-opacity:1 }""";;;;;;
614;7;25,3082180023193;03.05.20 17:00;;;;"=WENNS(I74=N$5;P$5;I74=N$4;P$4;I74=N$3;P$3;I74 = N$2;P$2;I74=N$1;P$1)";"=WENNS(C74>O$5;N$5;C74>O$4;N$4;C74>O$3;N$3;C74>O$2;N$2;C74>O$1;N$1)";"="".bz""&TEXT(A74;""0"") & "" { fill:#"" &TEXT(H74;""0"") &"";fill-opacity:1 }""";;;;;;
616;104;203,279846191406;03.05.20 17:00;;;;"=WENNS(I75=N$5;P$5;I75=N$4;P$4;I75=N$3;P$3;I75 = N$2;P$2;I75=N$1;P$1)";"=WENNS(C75>O$5;N$5;C75>O$4;N$4;C75>O$3;N$3;C75>O$2;N$2;C75>O$1;N$1)";"="".bz""&TEXT(A75;""0"") & "" { fill:#"" &TEXT(H75;""0"") &"";fill-opacity:1 }""";;;;;;
617;163;180,423492431641;03.05.20 17:00;;;;"=WENNS(I76=N$5;P$5;I76=N$4;P$4;I76=N$3;P$3;I76 = N$2;P$2;I76=N$1;P$1)";"=WENNS(C76>O$5;N$5;C76>O$4;N$4;C76>O$3;N$3;C76>O$2;N$2;C76>O$1;N$1)";"="".bz""&TEXT(A76;""0"") & "" { fill:#"" &TEXT(H76;""0"") &"";fill-opacity:1 }""";;;;;;
620;31;43,053165435791;03.05.20 17:00;;;;"=WENNS(I77=N$5;P$5;I77=N$4;P$4;I77=N$3;P$3;I77 = N$2;P$2;I77=N$1;P$1)";"=WENNS(C77>O$5;N$5;C77>O$4;N$4;C77>O$3;N$3;C77>O$2;N$2;C77>O$1;N$1)";"="".bz""&TEXT(A77;""0"") & "" { fill:#"" &TEXT(H77;""0"") &"";fill-opacity:1 }""";;;;;;
621;52;52,5337409973145;03.05.20 17:00;;;;"=WENNS(I78=N$5;P$5;I78=N$4;P$4;I78=N$3;P$3;I78 = N$2;P$2;I78=N$1;P$1)";"=WENNS(C78>O$5;N$5;C78>O$4;N$4;C78>O$3;N$3;C78>O$2;N$2;C78>O$1;N$1)";"="".bz""&TEXT(A78;""0"") & "" { fill:#"" &TEXT(H78;""0"") &"";fill-opacity:1 }""";;;;;;
622;312;344,287261962891;03.05.20 17:00;;;;"=WENNS(I79=N$5;P$5;I79=N$4;P$4;I79=N$3;P$3;I79 = N$2;P$2;I79=N$1;P$1)";"=WENNS(C79>O$5;N$5;C79>O$4;N$4;C79>O$3;N$3;C79>O$2;N$2;C79>O$1;N$1)";"="".bz""&TEXT(A79;""0"") & "" { fill:#"" &TEXT(H79;""0"") &"";fill-opacity:1 }""";;;;;;
623;58;67,4834518432617;03.05.20 17:00;;;;"=WENNS(I80=N$5;P$5;I80=N$4;P$4;I80=N$3;P$3;I80 = N$2;P$2;I80=N$1;P$1)";"=WENNS(C80>O$5;N$5;C80>O$4;N$4;C80>O$3;N$3;C80>O$2;N$2;C80>O$1;N$1)";"="".bz""&TEXT(A80;""0"") & "" { fill:#"" &TEXT(H80;""0"") &"";fill-opacity:1 }""";;;;;;
701;411;311,104370117187;03.05.20 17:00;;;;"=WENNS(I81=N$5;P$5;I81=N$4;P$4;I81=N$3;P$3;I81 = N$2;P$2;I81=N$1;P$1)";"=WENNS(C81>O$5;N$5;C81>O$4;N$4;C81>O$3;N$3;C81>O$2;N$2;C81>O$1;N$1)";"="".bz""&TEXT(A81;""0"") & "" { fill:#"" &TEXT(H81;""0"") &"";fill-opacity:1 }""";;;;;;
702;289;481,217529296875;03.05.20 17:00;;;;"=WENNS(I82=N$5;P$5;I82=N$4;P$4;I82=N$3;P$3;I82 = N$2;P$2;I82=N$1;P$1)";"=WENNS(C82>O$5;N$5;C82>O$4;N$4;C82>O$3;N$3;C82>O$2;N$2;C82>O$1;N$1)";"="".bz""&TEXT(A82;""0"") & "" { fill:#"" &TEXT(H82;""0"") &"";fill-opacity:1 }""";;;;;;
703;387;215,81770324707;03.05.20 17:00;;;;"=WENNS(I83=N$5;P$5;I83=N$4;P$4;I83=N$3;P$3;I83 = N$2;P$2;I83=N$1;P$1)";"=WENNS(C83>O$5;N$5;C83>O$4;N$4;C83>O$3;N$3;C83>O$2;N$2;C83>O$1;N$1)";"="".bz""&TEXT(A83;""0"") & "" { fill:#"" &TEXT(H83;""0"") &"";fill-opacity:1 }""";;;;;;
704;366;572,940307617187;03.05.20 17:00;;;;"=WENNS(I84=N$5;P$5;I84=N$4;P$4;I84=N$3;P$3;I84 = N$2;P$2;I84=N$1;P$1)";"=WENNS(C84>O$5;N$5;C84>O$4;N$4;C84>O$3;N$3;C84>O$2;N$2;C84>O$1;N$1)";"="".bz""&TEXT(A84;""0"") & "" { fill:#"" &TEXT(H84;""0"") &"";fill-opacity:1 }""";;;;;;
705;514;468,627471923828;03.05.20 17:00;;;;"=WENNS(I85=N$5;P$5;I85=N$4;P$4;I85=N$3;P$3;I85 = N$2;P$2;I85=N$1;P$1)";"=WENNS(C85>O$5;N$5;C85>O$4;N$4;C85>O$3;N$3;C85>O$2;N$2;C85>O$1;N$1)";"="".bz""&TEXT(A85;""0"") & "" { fill:#"" &TEXT(H85;""0"") &"";fill-opacity:1 }""";;;;;;
706;990;2231,6396484375;03.05.20 17:00;;;;"=WENNS(I86=N$5;P$5;I86=N$4;P$4;I86=N$3;P$3;I86 = N$2;P$2;I86=N$1;P$1)";"=WENNS(C86>O$5;N$5;C86>O$4;N$4;C86>O$3;N$3;C86>O$2;N$2;C86>O$1;N$1)";"="".bz""&TEXT(A86;""0"") & "" { fill:#"" &TEXT(H86;""0"") &"";fill-opacity:1 }""";;;;;;
707;150;307,673370361328;03.05.20 17:00;;;;"=WENNS(I87=N$5;P$5;I87=N$4;P$4;I87=N$3;P$3;I87 = N$2;P$2;I87=N$1;P$1)";"=WENNS(C87>O$5;N$5;C87>O$4;N$4;C87>O$3;N$3;C87>O$2;N$2;C87>O$1;N$1)";"="".bz""&TEXT(A87;""0"") & "" { fill:#"" &TEXT(H87;""0"") &"";fill-opacity:1 }""";;;;;;
708;56;171,411087036133;03.05.20 17:00;;;;"=WENNS(I88=N$5;P$5;I88=N$4;P$4;I88=N$3;P$3;I88 = N$2;P$2;I88=N$1;P$1)";"=WENNS(C88>O$5;N$5;C88>O$4;N$4;C88>O$3;N$3;C88>O$2;N$2;C88>O$1;N$1)";"="".bz""&TEXT(A88;""0"") & "" { fill:#"" &TEXT(H88;""0"") &"";fill-opacity:1 }""";;;;;;
709;344;410,143920898438;03.05.20 17:00;;;;"=WENNS(I89=N$5;P$5;I89=N$4;P$4;I89=N$3;P$3;I89 = N$2;P$2;I89=N$1;P$1)";"=WENNS(C89>O$5;N$5;C89>O$4;N$4;C89>O$3;N$3;C89>O$2;N$2;C89>O$1;N$1)";"="".bz""&TEXT(A89;""0"") & "" { fill:#"" &TEXT(H89;""0"") &"";fill-opacity:1 }""";;;;;;
801;251;393,947967529297;03.05.20 17:00;;;;"=WENNS(I90=N$5;P$5;I90=N$4;P$4;I90=N$3;P$3;I90 = N$2;P$2;I90=N$1;P$1)";"=WENNS(C90>O$5;N$5;C90>O$4;N$4;C90>O$3;N$3;C90>O$2;N$2;C90>O$1;N$1)";"="".bz""&TEXT(A90;""0"") & "" { fill:#"" &TEXT(H90;""0"") &"";fill-opacity:1 }""";;;;;;
802;260;193,476852416992;03.05.20 17:00;;;;"=WENNS(I91=N$5;P$5;I91=N$4;P$4;I91=N$3;P$3;I91 = N$2;P$2;I91=N$1;P$1)";"=WENNS(C91>O$5;N$5;C91>O$4;N$4;C91>O$3;N$3;C91>O$2;N$2;C91>O$1;N$1)";"="".bz""&TEXT(A91;""0"") & "" { fill:#"" &TEXT(H91;""0"") &"";fill-opacity:1 }""";;;;;;
803;151;169,58479309082;03.05.20 17:00;;;;"=WENNS(I92=N$5;P$5;I92=N$4;P$4;I92=N$3;P$3;I92 = N$2;P$2;I92=N$1;P$1)";"=WENNS(C92>O$5;N$5;C92>O$4;N$4;C92>O$3;N$3;C92>O$2;N$2;C92>O$1;N$1)";"="".bz""&TEXT(A92;""0"") & "" { fill:#"" &TEXT(H92;""0"") &"";fill-opacity:1 }""";;;;;;
804;211;196,903671264648;03.05.20 17:00;;;;"=WENNS(I93=N$5;P$5;I93=N$4;P$4;I93=N$3;P$3;I93 = N$2;P$2;I93=N$1;P$1)";"=WENNS(C93>O$5;N$5;C93>O$4;N$4;C93>O$3;N$3;C93>O$2;N$2;C93>O$1;N$1)";"="".bz""&TEXT(A93;""0"") & "" { fill:#"" &TEXT(H93;""0"") &"";fill-opacity:1 }""";;;;;;
900;2540;133,860977172852;03.05.20 17:00;;;;"=WENNS(I94=N$5;P$5;I94=N$4;P$4;I94=N$3;P$3;I94 = N$2;P$2;I94=N$1;P$1)";"=WENNS(C94>O$5;N$5;C94>O$4;N$4;C94>O$3;N$3;C94>O$2;N$2;C94>O$1;N$1)";"="".bz""&TEXT(A94;""0"") & "" { fill:#"" &TEXT(H94;""0"") &"";fill-opacity:1 }""";;;;;;
;;;;;;;"=WENNS(I95=N$5;P$5;I95=N$4;P$4;I95=N$3;P$3;I95 = N$2;P$2;I95=N$1;P$1)";"=WENNS(C95>O$5;N$5;C95>O$4;N$4;C95>O$3;N$3;C95>O$2;N$2;C95>O$1;N$1)";"="".bz""&TEXT(A95;""0"") & "" { fill:#"" &TEXT(H95;""0"") &"";fill-opacity:1 }""";;;;;;
